NORAD_CAT_ID,56372,41745,57479,55263,56370,43339,64290,29494,44333,44071,68893,42075,46114,42070,35491,42740,68126,47240,19548,40746,39222,23712,39008,25019,21639,27691,41879,32763,26715,35496,38551,41866,36395,37218,40333,32729,29236,33376,27445,43226,35493,62259,48838,31307,66454,34713,23467,32951,36792,28659,37185,69728,37843,49817,27426,28935,33207,37748,40663,36131,41893,20253,36108,23613,26388,36868,22787,38070,27875,27954,51850,36499,39360,22314,25967,36411,26575,39070,43162,39120,60133,65160,41592,39168,28158,32258,37481,38254,42915,46113,41937,32708,26107,39504,52940,48618,56371,45465,53355,44625,28117,42749
56372,0.0,0.13324746310866478,0.8386020933075622,0.46320802052478854,0.834751450788007,0.39147282767585084,0.7812211487900602,0.6834541116119831,0.823683533303567,0.29796560762185725,0.49545581442609604,0.5993656554452207,0.755822377883775,0.7988712009384669,0.07843171974622357,0.7819158706402386,0.7986077978346152,0.8242293153942393,1.084402025664166,0.5584411176209026,0.7252227719245481,1.2835226360259546,0.7582590692116498,1.1734563865075271,1.0661877316436261,1.051056870061757,0.45942166356653913,0.8308182405646616,0.9924135087076394,0.7651629288228717,0.8063035692520315,0.7858442870775701,2.366361154900564,0.7956710636817863,0.8276631942181051,0.8287464447558397,0.8287028659062731,0.83212389836056,0.7399914320719917,0.7761637044144074,0.8253444089837891,0.8251703748247416,0.8240069854879971,0.6827116669405066,0.8084491346848529,0.3110483982580555,0.7576455813719248,0.7620963182423102,0.7716436128044422,0.7733112533415234,0.7813442097880272,0.7836927160282846,0.7844249303388776,0.7665496492718735,0.7599138347800526,0.7959611929331531,0.7357128178449215,0.737054495074824,0.8181203254196182,0.8188814674984561,0.8335630886302212,0.705229328208195,0.7477349250766065,0.5640171902362152,0.542591480466123,0.577663801892838,0.7680345184317713,0.1624378545029682,0.7211810012184031,0.5934865223449286,0.7204395399808058,0.7713065220240681,0.7813495600357998,1.1625173366503887,0.8581928410850153,0.20347030570184244,0.7106426876586149,0.4823385043887798,0.5289152294151572,0.7576895883101766,0.7976155512821537,0.6429959559748782,0.7578398857593032,0.7314958343857855,1.0650503830831441,0.700824659066776,0.27993691875260523,0.6711652510214241,0.4727475474749724,0.5575766109533512,0.4233281194206448,1.226227444466508,0.4414180598455566,0.603063650219426,0.22233234282478306,0.14971975468036053,0.17419251220595322,0.2827884374295618,0.2708229273761902,0.44058233027444943,0.39074535843540803,0.4221314475922076
41745,0.13324746310866478,0.0,0.8897494364358931,0.5814374043797701,0.9065181889097236,0.4235739067795187,0.8302741706457398,0.7340694103271234,0.8742909769954118,0.42386345830203564,0.5325347154872119,0.7118258689866385,0.803915258593455,0.8485796192099407,0.16887825191061828,0.8874576841767422,0.8483075405160162,0.916545042383988,1.0365761149131167,0.5983865842368187,0.7721376480877521,1.1918082066710791,0.8646627728922528,1.0674691889089651,0.9535004746320951,0.9439285162251168,0.49482517716787444,0.7268486915298801,0.881926854869054,0.6590137099757349,0.8562960146715781,0.8360859519179012,2.264343870258155,0.6904926804733573,0.8784288408268586,0.8795154889156364,0.8794910000048849,0.8831034158597884,0.6806631522011191,0.8452124768993055,0.9121489854891617,0.9169977792094326,0.9162086039281041,0.7483607689393326,0.9131064523226347,0.4362706511671395,0.6415018283300613,0.8104121829854575,0.820418535592798,0.8220590254015248,0.83050361419476,0.8328394766648115,0.8335936596946134,0.816060400828817,0.6538507310795025,0.8456454108372399,0.7854526633287243,0.7874801626910068,0.868533030824887,0.8693074891426543,0.8845323314997922,0.5797456801268953,0.7961327097081042,0.5290330846830157,0.5196011292370413,0.5413236694000397,0.7317227387472216,0.28157754044019084,0.6838912702353833,0.638587201285191,0.7671417398884017,0.8200695825766605,0.8303834683970766,1.1151409588537915,0.813473181103321,0.3301285206079116,0.5871408679189097,0.44519832870562953,0.5727625553182069,0.7064722120514257,0.9026377410651901,0.6926558790654247,0.8642594042530777,0.8388650280231186,1.0171714104534777,0.8093364116603531,0.24810519600861056,0.6272368849215029,0.5237494423299689,0.6716613505111863,0.538104606014538,1.0963236488873478,0.3106139680267347,0.5879319078771557,0.1436048285252778,0.05471486174023183,0.19584325877762795,0.31582709843556483,0.27949782038723686,0.4772126364906459,0.36491610152756426,0.5380433578283739
57479,0.8386020933075622,0.8897494364358931,0.0,0.5124761335133008,0.03484935185952162,0.5494362661247713,0.11309127664769517,0.17266571573556228,0.031775059680843126,0.6235209455705705,0.46913497430688306,0.38603897412614413,0.15699785722576529,0.08049309650752408,0.7754372899640322,0.13530919334844393,0.08097951598072252,0.056069206529034264,0.9022025772084185,0.4105095397658796,0.2055898964258122,0.780366820097327,0.175830323456531,0.7784052699732297,1.0928364850353627,0.7346124184503571,0.49867778559620624,0.3100414560796251,0.8928081903238492,0.36425381830779935,0.06593253650890345,0.08006987159823052,1.8545322149756576,0.31616072103808707,0.02293643980954541,0.023101299266707946,0.021425048576113555,0.01188828106074243,0.21277409433631506,0.09185749207333249,0.052124751157744245,0.055923218770637766,0.05623317428161629,0.22566221140834614,0.0889835438724523,0.615260806593293,0.9385574278172967,0.14719046207618847,0.1284387652768652,0.12737034993012042,0.11071921681951664,0.10860459058969249,0.10739303996780224,0.11777734814910641,0.3521791457978745,0.08418197881505676,0.14341348633859383,0.12420573487314664,0.04277431156484372,0.0421914086439256,0.010750938206981385,1.2398692315885524,0.15972717353990037,1.391986049627863,1.3737827823852553,0.9815256731177237,1.167323864094105,0.6801802888814059,1.0840874779981224,0.3570762038309963,0.21370301565821492,0.12901389545816247,0.11426512157442986,1.0036112841674734,0.8727089693360797,0.7105607968318761,1.1787086492230738,0.5639047099674823,0.43042813222250703,0.333730621489976,0.10827733320857762,0.35078144744191997,0.17652879993663556,0.21784118763966567,0.8807444832526852,0.2623648335215292,0.8503554729221054,0.7335408219528309,0.574400706300901,0.42866835040449647,0.5742257200915951,1.9216657587207806,1.1326391028619895,0.48581022146775993,0.8024629417747784,0.9340394749377673,0.7511107904612433,0.6634595288483731,0.7009116297017801,0.5221277103630925,1.1475738336818393,0.5610800861595944
55263,0.46320802052478854,0.5814374043797701,0.5124761335133008,0.0,0.49186470194053844,0.4836907805571669,0.5784046606670283,0.671032178665751,0.530664329420411,0.1892029470904857,0.5622807349156456,0.1860537078221363,0.6045996532507272,0.5592086867967635,0.4260957135645384,0.4260790345091587,0.5595286345181839,0.4789839395905965,1.0192789988472966,0.6114391618239837,0.6339346138322106,1.2509414808239352,0.39449665458980826,1.2532550857523141,1.4140667632891997,1.1889629373588957,0.5352721735546332,0.8006554496808613,1.2958143112852576,0.8408833317474133,0.5507730125917454,0.570321972882578,2.3602481935098187,0.8145158379274136,0.5257797067997638,0.5246674018960378,0.5246177882687814,0.5200475754793125,0.7213304237026389,0.5535224953331385,0.4842198358486339,0.478682544619529,0.47934596485027464,0.6470899652399978,0.45712760558652815,0.17662742895678232,1.1224133084498626,0.5982774670522522,0.5884089325153797,0.5867536140165547,0.5781495629852761,0.5757850558494438,0.575017618228882,0.5921396392204519,0.8306546356336261,0.5623822866078533,0.6223523057203887,0.6183358981937502,0.5371954657882689,0.5363674649670143,0.5186474261124897,1.1163647136472608,0.612616507655244,1.0243860174506834,0.9844035699698379,0.4848689227820102,0.6693501027415865,0.3132008050657941,0.5743115693258525,0.7598570499164096,0.6382819212210967,0.5887473941930413,0.5783378208515384,1.0942951131433594,0.7671143941172803,0.28277199997444374,1.1120411554929213,0.836672587484932,0.801787825776833,0.7192737016020813,0.4441136668387857,0.5911604750305742,0.3939076845553893,0.3602845515838707,1.0002582329729697,0.32013037965510244,0.4008778722930409,0.573115144403623,0.3686404214048754,0.13479203698934974,0.2472152349706319,1.661214418056765,0.8779056006629735,0.530623905010122,0.6410268047328478,0.6027149294243356,0.5923964940501959,0.6245642591940116,0.6673737472189879,0.599535610037825,0.7414242168932763,0.16939853244857617
56370,0.834751450788007,0.9065181889097236,0.03484935185952162,0.49186470194053844,0.0,0.5686389294712864,0.14425713997770975,0.20640172486519454,0.06546205664058727,0.6055958112633556,0.49017691253280954,0.3622203093449341,0.18681689334193333,0.11269235434695761,0.7918503235422771,0.10393188266838542,0.1131781592696083,0.02205611582301645,0.8738915136086205,0.43314619026466555,0.2339347148407906,0.762619173168221,0.14578411914519473,0.8103054687398251,1.117335941225605,0.7649472446132308,0.519096081795228,0.3175064934601938,0.9192630972730781,0.39630379286829254,0.0986093508262625,0.11317792167904198,1.888849943061441,0.3499000774456417,0.05701708907181331,0.057081905054697735,0.055441952829122294,0.046385704718553765,0.24272484075297945,0.06289878629575411,0.01793228392094537,0.021799484664939556,0.022216100138033646,0.19168337218183848,0.055964992022897654,0.5972686488933755,0.9609607481378778,0.17718983854351525,0.15919271513717884,0.15801012952439747,0.14205869157684212,0.1399126583296247,0.13873536888480428,0.149640004227513,0.3843720842254263,0.11635359710055858,0.175630287196056,0.15760936452465296,0.07619857872674998,0.07553111265601399,0.04522891122265128,1.25845043121451,0.18993799795142707,1.3941557990649176,1.3590098048010992,0.9615227097936921,1.1472759104806385,0.6828775951407831,1.0636277963011078,0.3835033546476135,0.24170139836058144,0.1597495903252652,0.14529809082317224,0.9757254398627045,0.8476800610426138,0.6929388689961349,1.1979138016434971,0.5876229344120475,0.45575876050705405,0.30049072404875016,0.07591566620004304,0.32035070094310186,0.14650413971397633,0.18909797608417578,0.8523785226867577,0.23499214173336527,0.83198262059913,0.7092416749803777,0.5506528898496194,0.40596133920725525,0.5518773273671461,1.9388807026282693,1.1499082439195483,0.45864112752305597,0.8206471647494198,0.9506062087051808,0.769309848516566,0.6829827167004641,0.7204836113384034,0.5430653555205841,1.130731605944244,0.5394309307255826
43339,0.39147282767585084,0.4235739067795187,0.5494362661247713,0.4836907805571669,0.5686389294712864,0.0,0.48104122697457735,0.6696412905060921,0.5316844204476248,0.35000612626645045,0.13118025453431056,0.5957569643570094,0.45057305614982224,0.5021444286835703,0.3210927629499348,0.6248760574770804,0.5018352508952689,0.5801393505219975,1.3511208594007638,0.209680163044479,0.41399411869223995,1.3174903993024982,0.6481105679323294,1.1846434768972096,1.0412466427873925,1.056905316865611,0.08602660217518557,0.8528084104646917,0.9802641530853451,0.7774768478168378,0.5114571674241597,0.5462979353512252,2.378940573017992,0.8130833685112362,0.5366655845453286,0.5375973243057658,0.5376525677956449,0.5451859353523395,0.7606521202043369,0.6264578195893528,0.5786020518128275,0.5805579409681096,0.5802453783794311,0.7492270157337174,0.5990738451418778,0.360556110022215,0.7157986218510275,0.45802646380519974,0.47423085461619907,0.47152155012121083,0.48706349199731985,0.48400693297582426,0.48485529915969494,0.5220314053713215,0.7726939675508658,0.5036091349931887,0.5657886567033258,0.6052171756534487,0.5250977571429951,0.525929816419038,0.5434628826079863,0.7125970482130203,0.4759036697658502,0.9427963750492871,0.930508668983327,0.9121441890289024,1.1017092037849898,0.23114593070637496,1.0512557832995466,0.4435352219925337,0.4078268888356795,0.4738633252561592,0.4810703444969398,1.4467818772527827,1.157385575257362,0.41612032743836835,0.6297070580509987,0.4525967033613244,0.4400028322259897,0.84765204820679,0.6098141066921803,0.8280603716223207,0.648546473001973,0.6723527476121749,1.3301683842596475,0.6806041597414408,0.6334941656312261,0.9742941506154549,0.7791696585032447,0.5644007418303494,0.6843286264383132,1.4410084176552675,0.6501857748988874,0.8932164904792266,0.2888836067252675,0.47462789771140745,0.23650138608505947,0.15025861213921737,0.1949157612456778,0.16275476479561465,0.768226399884155,0.6216025509791129
64290,0.7812211487900602,0.8302741706457398,0.11309127664769517,0.5784046606670283,0.14425713997770975,0.48104122697457735,0.0,0.22143956161288,0.08397565148160949,0.6811184405809732,0.39389490611560046,0.4621746623844404,0.049099164825787765,0.03526807083051316,0.7172604580349509,0.23420858228477454,0.0348150214546849,0.1629533141670461,0.9918739947113103,0.3297052054069334,0.1031808459406674,0.8903345590879977,0.27084328390623813,0.7139140705284844,1.004913869838682,0.6247625015436541,0.42585509424340406,0.4213325453021151,0.7975736215009632,0.3085569068591031,0.05076907598614096,0.09070712694621491,1.9371196885861177,0.3648679684441797,0.09239151165848342,0.09330659648016477,0.09375951820275522,0.10540175929804035,0.32526258550167436,0.20120308725956443,0.15960198935228084,0.16320329447750648,0.1631164852089415,0.33245174209623074,0.1928547537478727,0.6731254328290114,0.8584319811643353,0.03846400177214286,0.0169410455863131,0.01633291818249538,0.008405772360300235,0.005087153023984543,0.006327530228268839,0.05078254869508271,0.30565356398726323,0.036289420941720926,0.09922883263995295,0.15321088880943692,0.07326166139112678,0.07437961422808045,0.10338056201848612,1.1738485731619552,0.050274855723412615,1.3344137391234197,1.3168644287378521,1.045649705296032,1.23158758653736,0.6228734745366251,1.1495455110597612,0.2618577166503512,0.11254943675107869,0.01756929762125036,0.0016442835019394256,1.09198674241341,0.9522762034907037,0.7671997993451455,1.110395541140248,0.4788014366620038,0.33940223662459257,0.43825654623355303,0.2101854695054353,0.44689548144006425,0.2715140047755411,0.30874588861225977,0.9705005328927193,0.3491790374835307,0.9094075936778825,0.8109363802171848,0.6500437547143428,0.5011362446512079,0.6455286731404697,1.8606502648502499,1.0714259755830111,0.5719984648014668,0.7378988830867467,0.8753277924657853,0.6864012364273789,0.5939765440713005,0.631181074419323,0.44735648671375244,1.1398699045658656,0.6303054526124373
29494,0.6834541116119831,0.7340694103271234,0.17266571573556228,0.671032178665751,0.20640172486519454,0.6696412905060921,0.22143956161288,0.0,0.14109752796490044,0.7796028572509056,0.5878350587307517,0.5475950178478266,0.2666228699645632,0.18784458545806476,0.6983985889681427,0.30253018176286234,0.18826569888730835,0.2266495245076616,0.7898201451914986,0.5276537499103338,0.31641672875371374,0.6742815155289194,0.3428793954827434,0.6082807474004013,0.9303034401465664,0.5658822904124304,0.6178042551646151,0.2035834497376352,0.7280233169867213,0.19337048318290187,0.17227734502834724,0.13195652234792749,1.7229570229939566,0.14357566477464237,0.14998765674872958,0.15119508196456954,0.15171870730801637,0.16101356487986446,0.10661537111340774,0.1437236344368184,0.21951668047399317,0.22683618049251542,0.22624834938359678,0.11776773382210354,0.25887506181724607,0.770856910424048,0.7776255827274823,0.2569358602134935,0.23286677765723074,0.23650466492488664,0.2134720679746411,0.2167240158582275,0.21575760570453992,0.17202573510087574,0.18114616383367882,0.1869345813806932,0.12385670720433666,0.06895596595923605,0.14896023279758064,0.14857783354689116,0.1621784684085885,1.0830160318693944,0.23709877735984194,1.2375298919282889,1.2194419281683728,0.8611315516128613,1.0473005233591082,0.8037241038827105,0.9642908199135541,0.2987599772184454,0.3254593555314523,0.23342703696958142,0.22297452882722543,0.8910503884854474,0.7570319875504729,0.7084266258257401,1.0211630810767445,0.40129899048409257,0.3054679765078993,0.2252045688713091,0.27757237190323186,0.2396853975237909,0.3435988931652417,0.38338297297134255,0.7683494223507679,0.42691369194686335,0.7282536629950489,0.6169844989455248,0.45718423785186557,0.5851878776210313,0.47900768671888755,1.7682603488060928,0.9767732566136776,0.37175708522656564,0.6453873137250534,0.7785827151194228,0.5939796915704284,0.5293783797341762,0.5424214818518639,0.551633540799187,1.0243039891091947,0.5314960592640027
44333,0.823683533303567,0.8742909769954118,0.031775059680843126,0.530664329420411,0.06546205664058727,0.5316844204476248,0.08397565148160949,0.14109752796490044,0.0,0.6393524484855353,0.449393876499015,0.4072759065110776,0.12917721026842308,0.05038919777657823,0.7603135341926256,0.16311891959547054,0.05088268649729787,0.08615952945527731,0.9273565070130587,0.3895107982751415,0.17916691495907794,0.8113318520616101,0.20249365577904274,0.7485866813872396,1.070076658875227,0.7062966689916056,0.47977798663933147,0.34138768412984644,0.8681905044920922,0.33429909673624336,0.03537158999649487,0.04910390074188792,1.8548940968062382,0.2845936264588284,0.00966880759910223,0.0101255554319472,0.01065078486475788,0.023654835024602746,0.2444730267973389,0.1226630351313539,0.08237528158571723,0.08587136280488757,0.08632693956222057,0.25572509456512743,0.11797091977618998,0.631400971364034,0.9177856007980235,0.11893643513796853,0.09971775940880889,0.09861054234400567,0.0814441017517807,0.07935303047956098,0.07810928398219032,0.08799623185637502,0.32209363112165024,0.05411100690537762,0.11329342298015956,0.09295469930312392,0.011501351305620645,0.010744638681230309,0.021384853377425118,1.2227091807836266,0.13152397914140185,1.3770002184200467,1.3589656695096666,0.9994310527629987,1.1852673257895554,0.6650448270702839,1.1023864853202467,0.33247915092184827,0.18736056648922605,0.100309355768878,0.08502639677131964,1.0283954528932338,0.8950012269883748,0.7263702095390221,1.1609651999988,0.5418806749462027,0.40688090376120956,0.36315243271007686,0.13669628333937678,0.37777595803457026,0.20317230525859717,0.24336599365675343,0.9059408801020769,0.286706699626545,0.8668299137005852,0.7552021810706826,0.595575735678342,0.4489409545684314,0.5941781954813444,1.9057909491878178,1.1167156218966612,0.5099719610438409,0.7856777963830394,0.9187710463241193,0.7343054078797546,0.6454114389321458,0.6828111513480936,0.5027369851653313,1.1627054787620457,0.5804263682537442
44071,0.29796560762185725,0.42386345830203564,0.6235209455705705,0.1892029470904857,0.6055958112633556,0.35000612626645045,0.6811184405809732,0.7796028572509056,0.6393524484855353,0.0,0.4414329825976157,0.3440500708006779,0.6763035755713699,0.6643001281185028,0.26388907441613346,0.5487726182052928,0.6645821789135069,0.5944630634184125,1.1527975794429521,0.49808882114855796,0.6488111979781043,1.3640088103276313,0.5214669037371112,1.3576606450237498,1.3081952528628589,1.2797193937699198,0.4100425931199283,0.9127454372854457,1.2291611887799743,0.9455941439473858,0.6569895463089649,0.6774574703562066,2.470124327239227,0.9230839602876085,0.6351545570608257,0.6344304816096554,0.6340818931815516,0.6303398388531792,0.832560892557347,0.6670580121738969,0.5992113299516815,0.5941001576309224,0.5948066896270421,0.7626267075171813,0.575672410632437,0.01686734082876567,1.0079144356672392,0.681176517465122,0.690125684100767,0.6883964493264292,0.6812098499980423,0.6788107180490611,0.6781152154721017,0.6964466839827281,0.9356953391952879,0.6673735268008155,0.7274777885678035,0.7261590689252257,0.6450704349515068,0.6442980608676709,0.6289180387795276,0.9774494196182054,0.6993398015677103,0.8599764503837161,0.8174172543937748,0.6108839130370198,0.8012262138840861,0.1489174388840222,0.7574723874764333,0.6925766828470942,0.6432760904150626,0.6904349167794227,0.6809577338602568,1.2296113652246183,0.9171461120777282,0.09653102141742664,0.9782362542582965,0.7279787364819796,0.6987613254463757,0.8367560867492713,0.564198829425681,0.716805752951384,0.5209572377106523,0.4921420373723343,1.1336814994669258,0.4577448416959362,0.29915018129903326,0.727686944614149,0.5271300018769361,0.3013087841732667,0.41696171753363925,1.5087423640642055,0.7260317079854142,0.6691613989287396,0.49853474417877436,0.44248334458780925,0.45020810733518807,0.49315094248829616,0.5364198614041021,0.4774478999015079,0.5665390988442067,0.3454859532151179
68893,0.49545581442609604,0.5325347154872119,0.46913497430688306,0.5622807349156456,0.49017691253280954,0.13118025453431056,0.39389490611560046,0.5878350587307517,0.449393876499015,0.4414329825976157,0.0,0.6648151509724177,0.3601936185711605,0.41721392375993077,0.42695696504384056,0.552479805925595,0.41696072374979787,0.5032720661702998,1.283972780831557,0.08970456214741909,0.319495796331878,1.2390937754601015,0.5777776922199933,1.0992185900603724,0.9319082171359615,0.9678388380312097,0.04911050257233619,0.773711194444784,0.8793078799947149,0.6923432238320353,0.4276411206899052,0.4633015641205775,2.2981465374104,0.731274597274589,0.4554937951184395,0.4555905811947177,0.4559140382818333,0.46474070879103124,0.6809192756989597,0.5483735207674422,0.5015401407257836,0.5029332335875502,0.5034896935716707,0.6725290762317482,0.5232770590828515,0.4517186760376502,0.5945735914391365,0.3675752225642107,0.38621626296033135,0.3829117693671424,0.40037744971144884,0.3972701712414965,0.3979155241411157,0.4365261924251857,0.6878608872607928,0.41873178411441175,0.4810328410365139,0.5227976628407337,0.442517335120989,0.4427514962362603,0.4626630297858752,0.8378023201095847,0.386563095780344,1.0473276315306161,1.0335006944389813,0.9935006273617318,1.1828817608611062,0.33513864411560684,1.1308614851060776,0.34252690188639484,0.3117340475784844,0.38580763660103384,0.39310755028468813,1.3803835502156498,1.2153225173843236,0.5096003484255757,0.7607811024465886,0.3393224161200557,0.33448748849941956,0.7721620393280502,0.5351037430410712,0.7572437544487969,0.578209861552128,0.6044729569249871,1.2629470520411452,0.6330394430820079,0.7225208085473278,1.0425864622644223,0.8487849466476771,0.6366891349043086,0.7576529170141622,1.5537869137792069,0.7634453996920648,0.8541319879732964,0.41041828054589496,0.581826463540332,0.3582973585983467,0.2373976109713702,0.2732271911923274,0.05899800235790862,0.8669324537010351,0.6970135480789892
42075,0.5993656554452207,0.7118258689866385,0.38603897412614413,0.1860537078221363,0.3622203093449341,0.5957569643570094,0.4621746623844404,0.5475950178478266,0.4072759065110776,0.3440500708006779,0.6648151509724177,0.0,0.4922707939530441,0.44003916871417925,0.5599742367087942,0.2851926258731241,0.4403994591438039,0.34705414930645906,0.8647155779536488,0.6712199351006883,0.5258795568592347,1.1219739284156525,0.24819535175149823,1.1349328624400667,1.3730724890513448,1.0751458756983145,0.640728616913533,0.6728881320110575,1.1934532881963613,0.722173878869121,0.43027942964587407,0.44864500114907424,2.2352501188238922,0.691082579165576,0.401370195396561,0.4016473031317976,0.4003458445101309,0.39449401911398596,0.5946221719904281,0.42402412013759994,0.35286561178300846,0.3478416244876913,0.34742457316565334,0.5150607459512565,0.32299483366413195,0.33251728059157537,1.1966691648897532,0.4855593348490632,0.47334840826614,0.4719201413002446,0.4614530186682483,0.45913888707215383,0.45827559896852615,0.4739222847120358,0.7115420793566294,0.4433292475882064,0.5031352645016395,0.49581590252603636,0.4146118503640017,0.41431663819979464,0.3931503704737731,1.2324219167781851,0.49911481484190084,1.1598103666715152,1.1217583618896916,0.6636989927185338,0.8487071003870413,0.44877584942094845,0.7584123044954049,0.6575426980938313,0.5315549236525894,0.47373626769512783,0.46312231458654673,0.9374516606123989,0.5914160535156693,0.434413282832285,1.224156157837702,0.836036438192917,0.7193615330750825,0.584982005997002,0.3070046843358557,0.44652419030890217,0.24750666151805353,0.20787580148458948,0.8459681202348908,0.16035521550948287,0.5610217326402027,0.3915064141780124,0.18966996892947904,0.06270087909843068,0.21483919826249445,1.787644091174723,1.0038650449943884,0.36967246668208187,0.7598260927999292,0.7349944679828984,0.7110131628709896,0.7348231324600246,0.7772796073187681,0.702535397075782,0.8846660657879223,0.2140265233593359
46114,0.755822377883775,0.803915258593455,0.15699785722576529,0.6045996532507272,0.18681689334193333,0.45057305614982224,0.049099164825787765,0.2666228699645632,0.12917721026842308,0.6763035755713699,0.3601936185711605,0.4922707939530441,0.0,0.08270045465849979,0.6914970366165382,0.2729179334231001,0.08220311985566524,0.2047182405682828,1.027060267112704,0.2934133824792081,0.05673248076204778,0.9331054967782949,0.3081125409927231,0.7617103814788001,0.9652758318514033,0.6136902735863518,0.393390507692789,0.4645942888204261,0.754489302512619,0.35611752123615686,0.09742419319496098,0.13672871660424177,1.9815634375001547,0.4100482852010075,0.13714491970726483,0.13815444636705546,0.13854645879964986,0.14962862170481842,0.3689803501416535,0.24380385125953005,0.20144827207117047,0.20494921199114377,0.20478059900807405,0.3740622772617371,0.23338713470336417,0.6831944713510495,0.8224471999624728,0.011824335415694264,0.03689081091212117,0.03369223009865157,0.05709671053528241,0.0538428580950195,0.05510642609348061,0.09863049878480358,0.3530005226388514,0.08366472372926718,0.1465338555237705,0.19883235331466592,0.11895132277944476,0.12003825382743985,0.14774797283402688,1.144412952625749,0.031170331437263173,1.3088629997329284,1.2916131957728276,1.0711218905859294,1.2571133921120832,0.5974528597135805,1.1755909741481174,0.21883986769578645,0.0666200418202002,0.0363064530311732,0.04873590710059498,1.1266848503104705,0.9836862672743121,0.7463710369442286,1.0799038602137467,0.44055173973309825,0.2983041511003764,0.47906548171619795,0.24995811856392586,0.48450155015176494,0.3087585577845824,0.3444571267443256,1.0057794724845999,0.3833874689017158,0.9329270825926678,0.8414794254059518,0.6799451517553228,0.5298159621190089,0.6738116701194347,1.8335192951894212,1.0442047067936702,0.6058717477972325,0.7091352869701271,0.8492811757337821,0.6576348282006769,0.5629406432933671,0.600060746905978,0.41390302210204,1.1154696738686045,0.6577333210101287
42070,0.7988712009384669,0.8485796192099407,0.08049309650752408,0.5592086867967635,0.11269235434695761,0.5021444286835703,0.03526807083051316,0.18784458545806476,0.05038919777657823,0.6643001281185028,0.41721392375993077,0.44003916871417925,0.08270045465849979,0.0,0.7351594952488141,0.2055742501147474,0.0005418354946847303,0.13204319693651298,0.9658436174104188,0.3547415601153478,0.13502948512669805,0.8585652602256363,0.24327809301262948,0.698685379697769,1.0321676100058352,0.658986383140577,0.448316409757212,0.3891903946866949,0.827145525815566,0.28420054470338274,0.016102293974983393,0.05646585562821444,1.9040798364963671,0.3312717852270874,0.05914691345040431,0.060033029280687794,0.06050562874891132,0.07253970810173067,0.2927817547761423,0.1696198254802907,0.12853437686197855,0.13224216421336155,0.13221577423949185,0.30157491682021115,0.1628637023316679,0.656181390112227,0.8832204410880952,0.07238828153617431,0.0516867058010146,0.05100044542312282,0.032501588302871906,0.03041428119947087,0.029271283382651753,0.038161991988365125,0.27175622367033375,0.0038141823745158083,0.06402309155288857,0.11928348471653676,0.03931466283752736,0.04045761758904798,0.07047389615542533,1.1941965586132561,0.08436694986592637,1.3521141623246598,1.3343602920289022,1.02690797610615,1.212805864194899,0.6405614732811223,1.130432074666779,0.291431066052016,0.14406181826021075,0.05230059852580367,0.036812541222934966,1.06632435522587,0.929120727193451,0.750609089512357,1.1314635316270556,0.5051723033159252,0.36763887897939573,0.40803246455699244,0.18073600013689642,0.41903850399673037,0.2439684659190133,0.28237625042305403,0.944456992875162,0.3239434017244425,0.8921221326090195,0.7883987804183906,0.628001984057883,0.48000378149755696,0.6247417772776146,1.8794290634963495,1.0902661184819178,0.5469573091699662,0.757789562390574,0.8933799171831346,0.7063472051281792,0.6154120779386923,0.6526889456755612,0.4704525918493855,1.1567903022653068,0.6101021050954839
35491,0.07843171974622357,0.16887825191061828,0.7754372899640322,0.4260957135645384,0.7918503235422771,0.3210927629499348,0.7172604580349509,0.6983985889681427,0.7603135341926256,0.26388907441613346,0.42695696504384056,0.5599742367087942,0.6914970366165382,0.7351594952488141,0.0,0.7397975156773969,0.7348927815236237,0.7815388484276314,1.1525525750139864,0.49102687538069517,0.6604501957750448,1.3420128777236016,0.7164802061127084,1.2190779521297075,1.1091861360750943,1.0963487902317455,0.3902892294053386,0.8777613249071836,1.036402619205564,0.811029030767254,0.7426996934697013,0.7223268493750574,2.410548621890363,0.8419049026755075,0.7643531986334267,0.7654380718397521,0.7654015550187682,0.7688947050303737,0.7864694358955271,0.7305449551999443,0.7826162887266251,0.7824767137025505,0.7813156899439881,0.7496583573767844,0.7659831111437132,0.2767038202255332,0.7995887024263287,0.697855794474096,0.7075765700810086,0.709234691586019,0.7174230211873485,0.7197676173100785,0.7205082235284832,0.702754649340295,0.8058147595443594,0.7322395167060827,0.6719961922574716,0.6735954434135343,0.7546762517463077,0.755442586600357,0.7703305647504544,0.7434998251748421,0.683520291554543,0.6293486625430155,0.6205505461330661,0.6505539386111312,0.8407682422381807,0.11699859273957888,0.7935974304885238,0.5280050631959932,0.6555864605169752,0.7072349686908326,0.7173818172639393,1.2307326594469947,0.9277119356643411,0.16967495711494154,0.7496993612379556,0.5252074207982749,0.5020322483836573,0.8210644693564492,0.7552929883392563,0.7107428351509905,0.7160672571381586,0.6900971503212571,1.133203350815111,0.6598761590013602,0.35470159319651634,0.7411071705091877,0.5430242001706117,0.518825752702897,0.436126169442735,1.2616784739337183,0.47784179813666094,0.6718130120531668,0.26027132858502766,0.1849457047551665,0.212175518739242,0.26672264999723544,0.3104822923338597,0.3719009606342264,0.4677772261717109,0.3840806320110754
42740,0.7819158706402386,0.8874576841767422,0.13530919334844393,0.4260790345091587,0.10393188266838542,0.6248760574770804,0.23420858228477454,0.30253018176286234,0.16311891959547054,0.5487726182052937,0.552479805925595,0.2851926258731241,0.2729179334231001,0.2055742501147474,0.7397975156773969,0.0,0.20593918901756716,0.0835924040469165,0.7804100736001393,0.4994990057288548,0.31570018642920794,0.8643339669247624,0.04743363487201295,0.9013738662133179,1.1877118982293264,0.8516389277731552,0.5789389322264427,0.4179928457804718,0.9951271824948915,0.48775230941924497,0.19226189949309622,0.20755405223556475,1.9866052765827427,0.4460257644643708,0.15478122755251097,0.15556749330278571,0.15404309489529355,0.14463481324136654,0.34213868693585553,0.16512945402941573,0.08977078927658115,0.08476997361149578,0.08342530008477084,0.2504163811464152,0.051749441326823485,0.5390500894675263,1.0254227065733457,0.2646588370285771,0.2470803408486027,0.2471289963663738,0.23153649468934887,0.23019347758130676,0.2293951620141033,0.24060436402132576,0.47621659035106195,0.20813823272315798,0.26757626459656786,0.2528233321526824,0.1725275426150428,0.17226072119752134,0.1445749540606278,1.3120652380382034,0.27631283635483617,1.3415662851980674,1.305820015594162,0.896010547828381,1.0816161591653795,0.6316607085025059,0.9966096041733383,0.4593008002619531,0.3235928340088305,0.2475781902785583,0.23563784295687307,0.8836905244319025,0.7653463269810425,0.6353677816964846,1.253305730482363,0.6558016589925252,0.528464921298138,0.31498256597386254,0.030557539691566146,0.21963987032268625,0.04827460548243929,0.09487680486943542,0.7587265361636137,0.14567285263273347,0.7718902262858934,0.6293338367880875,0.4726448503893817,0.33142489803420905,0.4785390218429791,1.9585780377877529,1.1742345796603417,0.36903268436459735,0.8731251861253524,0.9129836336566118,0.8218389309109875,0.7392754675839441,0.7769504945190358,0.6034063310683774,1.0757251542023147,0.46841882017168174
68126,0.7986077978346152,0.8483075405160162,0.08097951598072252,0.5595286345181839,0.1131781592696083,0.5018352508952689,0.0348150214546849,0.18826569888730835,0.05088268649729787,0.6645821789135069,0.41696072374979787,0.4403994591438039,0.08220311985566524,0.0005418354946847303,0.7348927815236237,0.20593918901756716,0.0,0.13250363971160112,0.9661428899379632,0.35446538870197053,0.13457821937804443,0.8589440162808162,0.24369985520762139,0.6981779597847758,1.031747566925951,0.6584744262926061,0.44806372273983186,0.38957404636066867,0.8266970763968557,0.2836611263414072,0.016550829945067076,0.056884549492917304,1.9044778348633171,0.3316883556081713,0.05957551683534549,0.06054739699994662,0.061019078731466836,0.07295779190716668,0.2931869942577375,0.17002560050219678,0.12890316161556012,0.13269466707941494,0.13261186819901305,0.301963388054592,0.16333263312907267,0.6563551784350892,0.8828327767594647,0.07199499732765556,0.05119160830707405,0.050597501009806374,0.031973456718844655,0.029916036863995826,0.028853113302023593,0.03764945080526591,0.2712250935686767,0.0032727784955966185,0.0644734760280942,0.11971058795894053,0.03982956003915918,0.04097399091271584,0.0709831879458561,1.193867726895128,0.08388615245220767,1.3518204605356245,1.334069282861101,1.0271122171077338,1.2130051561865962,0.6403828446585176,1.1306658001412677,0.29100997000109097,0.14369250373898487,0.05181146274534191,0.03639536393114526,1.0666186145434833,0.929409941338825,0.7508077467903661,1.1311348392623415,0.5047935142622283,0.3672111745360051,0.4084194440824542,0.1811956445785513,0.41936279210780975,0.24439126891135204,0.2827098723583881,0.9447863478945835,0.3243109991232468,0.8923006500179479,0.7886496586853713,0.6282718560374664,0.48025256911618774,0.6249983725010427,1.8791217135096194,1.089957157062159,0.5472426889562942,0.7574665638992686,0.8931073369622683,0.7060533666873379,0.6150686074831037,0.6523732547708035,0.4701167906975617,1.1565223998466205,0.6103250455027087
47240,0.8242293153942393,0.916545042383988,0.056069206529034264,0.4789839395905974,0.02205611582301645,0.5801393505219975,0.1629533141670461,0.2266495245076616,0.08615952945527731,0.5944630634184125,0.5032720661702998,0.34705414930645906,0.2047182405682828,0.13204319693651298,0.7815388484276314,0.0835924040469165,0.13250363971160112,0.0,0.8555565505384829,0.446969699911384,0.250952783451648,0.7840767036152494,0.12638864180216472,0.8294546969658374,1.1320450893767073,0.7831586480157567,0.5313527107759284,0.3386974896876372,0.9351474813575493,0.4155406287244796,0.11820910065452984,0.1330469272039069,1.9094523511131103,0.37014732603707695,0.07746250920995039,0.0779432443019454,0.07634034666700105,0.06709223982179562,0.263683537874196,0.08445446260319153,0.0076104403224272425,0.0012190133298342416,0.0004114265161372385,0.16966777693940774,0.03504553157346846,0.5855966211345123,0.9744062610241945,0.19568320498906494,0.17766151306630545,0.17682708305475803,0.1608703043655652,0.15870719223502291,0.15772826413391267,0.16877229536320423,0.4036943885952885,0.13566291944348283,0.1949744404851604,0.17765944659401067,0.09634817770250077,0.09602810731096002,0.06610825828877218,1.2695877673789546,0.2080759528689517,1.3836958774422103,1.348433142727491,0.9485577498843872,1.1342826390007053,0.6728194997123826,1.050358133533272,0.39935832275773375,0.2590005707203152,0.17819691535047458,0.16441559630146405,0.9576667434321616,0.8314663270383529,0.68150043537299,1.2094284661889598,0.6018485621273828,0.47096617166199656,0.2789387659075201,0.05544060944718428,0.3006377354607877,0.12716644572726798,0.17047023329733998,0.8339969862133891,0.21726709453485896,0.8200660877732779,0.6935042939384696,0.5352794785246008,0.39125614039110823,0.5373888028415387,1.9491945964919524,1.1602504524079926,0.44104547846699116,0.8315429512486258,0.954325556031301,0.780203095088311,0.6946884778847078,0.7322234062550566,0.5556262176503726,1.119801734707973,0.5254044324611588
19548,1.084402025664166,1.0365761149131167,0.9022025772084185,1.0192789988472966,0.8738915136086205,1.3511208594007638,0.9918739947113094,0.7898201451914986,0.9273565070130587,1.1527975794429521,1.283972780831557,0.8647155779536488,1.027060267112704,0.9658436174104188,1.1525525750139864,0.7804100736001393,0.9661428899379623,0.8555565505384829,0.0,1.2349431620032447,1.0661101402136093,0.2933522454518038,0.7369250042401865,0.3202798705531931,0.587787219779891,0.4195632019442025,1.3084480085973802,0.5959207958067191,0.4978539090474761,0.6921961081388869,0.9537678038177912,0.916632946872647,1.431085036561839,0.6467048931702324,0.9198085883974564,0.9206142896001673,0.9191691522689395,0.9084386222764109,0.6908155577936289,0.8166781688965273,0.8587580224238642,0.8566018626873525,0.8553712660521732,0.6868088573894335,0.826976131331281,1.1422906160585182,0.7250541376757087,1.0195963316904868,1.0002858267783885,1.0036312757384056,0.9850704829061623,0.9882007143681352,0.9874802364745493,0.9477044488737658,0.6962259249270277,0.9645063897496047,0.9023133631947368,0.8561193383503156,0.9358751701654259,0.935669807772193,0.9106063517814482,0.6832975041630605,1.000615728533571,0.6117841503070516,0.5752141924752192,0.5927737213617578,0.4022873353945411,1.2425020048686806,0.4507572303934342,1.0347117009055335,1.0733622140055583,1.000719750933669,0.993197202925159,0.10569577828136746,0.2818967897843376,1.0838431253724472,0.7228904606863716,1.00735648243629,1.0333137005172495,0.5933738057879931,0.8078828351922382,0.5719125081539977,0.7361416438909102,0.6877651858452454,0.02202968140616295,0.71014617196538,0.8724498136598898,0.47833780386708236,0.6828926992085096,0.912731352310784,0.8105989455851308,1.2389856058366318,0.7943397749295984,0.5026139806080754,1.1232524751361297,0.991206670623441,1.1744158306755794,1.2137388825585567,1.1715943888683509,1.2464238685213407,0.7216032384041091,0.8693715793688568
40746,0.5584411176209026,0.5983865842368187,0.4105095397658796,0.6114391618239837,0.43314619026466555,0.209680163044479,0.3297052054069334,0.5276537499103338,0.3895107982751415,0.49808882114855796,0.08970456214741909,0.6712199351006883,0.2934133824792081,0.3547415601153478,0.49102687538069517,0.4994990057288548,0.35446538870197053,0.446969699911384,1.2349431620032447,0.0,0.24952681927661977,1.1815251086502132,0.5264752700540533,1.0362637066937712,0.8503416026022779,0.9020755458439212,0.13420798653966426,0.7156036499925881,0.8043123439758871,0.6296080152184402,0.3659447976062794,0.4022074680283993,2.2387665449533114,0.6710918005777116,0.39580481978312165,0.3964122031192692,0.39656756274053334,0.4056015692828265,0.6223254642482758,0.49106443486972806,0.4449857828898141,0.44708995785194167,0.4471737255369223,0.6162524613455331,0.4688431578510695,0.5072320180088512,0.5332515024318735,0.3018892327587782,0.3212619042100745,0.3180469346874213,0.33644696879742914,0.3333091849824973,0.33401280525625016,0.37350460864294044,0.6253567187990613,0.3561930253364511,0.4185875390632478,0.4621461063175491,0.3818987110786765,0.3826618899752385,0.4035131960989326,0.9128957917160532,0.32058555998261495,1.1106006347044373,1.0958850518459213,1.0432659825140456,1.232540148981259,0.3987150064791846,1.179627402091038,0.2675046518365845,0.24167746429705328,0.3208265423177232,0.32934039472243376,1.3319204464597523,1.1707719158250605,0.5664718394796975,0.8391933767149469,0.2546796684696976,0.2559207804357356,0.7168378999263721,0.48147903541966414,0.7054370249851444,0.526937113254152,0.5549133563425264,1.2138938740927407,0.585266850982267,0.7767867059652586,1.0239954439864865,0.858795078577693,0.6810888681885037,0.8026997235080536,1.6218075561475263,0.8317323839236244,0.8066278860172373,0.4834252322251299,0.6466333427412851,0.4314844968475598,0.31751982241377297,0.3536877308474371,0.14698864543625698,0.926835224546171,0.7432658766332543
39222,0.7252227719245481,0.7721376480877521,0.2055898964258122,0.6339346138322106,0.2339347148407906,0.41399411869223995,0.1031808459406674,0.31641672875371374,0.17916691495907794,0.6488111979781043,0.31949579633187714,0.5258795568592347,0.05673248076204778,0.13502948512669805,0.6604501957750448,0.31570018642920794,0.13457821937804443,0.250952783451648,1.0661101402136102,0.24952681927661977,0.0,0.9803348552975372,0.349548395605283,0.8142684750141618,0.9171383771663858,0.6691240386029282,0.3542468999344319,0.5123500886500111,0.7020407903120145,0.40847680189758717,0.1487407868191727,0.1874422514397614,2.030590535395707,0.45984851588724396,0.18652700580463638,0.18769844670146735,0.18804524581019422,0.1983826562275865,0.4172041307675939,0.29077496796011804,0.24768357328320345,0.251230348144031,0.25076235281755477,0.42001146626063124,0.27829174960687614,0.6557593589481858,0.7788600585308375,0.0679157890803705,0.09147981926157091,0.08860130411946521,0.11066286842711977,0.10767301132713858,0.10888432129790497,0.15126045879791994,0.4051233520272485,0.13582591393786406,0.19858343765014339,0.24909254098628897,0.16943400308960407,0.1704839448628022,0.19677604025325873,1.1089326666056325,0.0867970728473073,1.2781593018770656,1.261276677324082,1.0995892895565857,1.2856397610772838,0.5669655823675285,1.2046107040483318,0.16639639822025618,0.01070101457458498,0.09091892358065332,0.1028792043125694,1.165206000426996,1.0185761980283334,0.718315794292164,1.0431140203650608,0.3940627851716625,0.24834197366521119,0.5241100980595607,0.2940707509327129,0.5261680940368185,0.3501649862091524,0.3841284426448648,1.0448543732323596,0.4215116982837291,0.9222007901371119,0.8754864365358751,0.7132127927882135,0.5617689068945215,0.705278200018171,1.8008767234656766,1.0114498572702666,0.6434981100360889,0.6744826611588977,0.8179255712333409,0.6228966656405702,0.5254853012882711,0.5624517347311466,0.3733985724637986,1.0861555440169544,0.6883412107633831
23712,1.2835226360259546,1.1918082066710791,0.780366820097327,1.2509414808239352,0.762619173168221,1.3174903993024982,0.8903345590879977,0.6742815155289194,0.8113318520616101,1.3640088103276313,1.2390937754601015,1.1219739284156525,0.9331054967782949,0.8585652602256363,1.3420128777236016,0.8643339669247624,0.8589440162808162,0.7840767036152494,0.2933522454518038,1.1815251086502132,0.9803348552975372,0.0,0.906874988862849,0.1795772150057843,0.3615311354273711,0.3232956807112587,1.2677835236549262,0.4719297472557661,0.4233504095377798,0.5862030130806931,0.8438440998888718,0.8044409992380114,1.1471982717568163,0.5313321793131431,0.8021299766461445,0.8028939909222284,0.8012496975766802,0.7884689571850653,0.5688016925020541,0.7001847074941971,0.7766187427375562,0.7842123487366739,0.7836709959602653,0.6173233185768023,0.8181238750801104,1.354936279840135,0.6736462490716753,0.9239579305677633,0.9010482811781622,0.9046017903290563,0.8826512573588389,0.8858705061811722,0.884962569044147,0.842339037559864,0.5894041788010221,0.8575810510417843,0.7950367800048054,0.7423301333712745,0.821839636127513,0.8214978685145141,0.7907386564025485,0.6817186641055345,0.904421722399346,0.7292412492592037,0.747521565770371,0.8211913172353367,0.6311528409438708,1.440872306057577,0.6826186626955442,0.9598627639451162,0.9889459816993569,0.9015782255979713,0.8918148453958196,0.22863835807203603,0.5491211467503856,1.2936898940305839,0.6898778313227233,0.9480220640099121,0.9647951373518882,0.5658391435731994,0.8379137326618034,0.7162544026945283,0.907633405887086,0.9495613101340084,0.31218534703893785,0.9953536777491446,1.0882948077571997,0.7398741691079043,0.9398541986361798,1.161423949403769,1.0566387341555996,1.1876236765213,0.9046652943626946,0.7865422251700342,1.1538710164228767,1.165847721100044,1.2025876692071549,1.1785410753930097,1.136055618727254,1.2028321201897978,0.9260236274037714,1.110077496026535
39008,0.7582590692116498,0.8646627728922528,0.175830323456531,0.39449665458980826,0.14578411914519473,0.6481105679323294,0.27084328390623813,0.3428793954827434,0.20249365577904274,0.5214669037371112,0.5777776922199933,0.24819535175149823,0.3081125409927231,0.24327809301262948,0.7164802061127084,0.04743363487201295,0.24369985520762139,0.12638864180216472,0.7369250042401865,0.5264752700540533,0.349548395605283,0.906874988862849,0.0,0.9397372384599939,1.2178007121172354,0.88824924754941,0.6034284208020703,0.46005615768807456,1.0274199456243802,0.5262511064042145,0.2310398849171605,0.24721087999916916,2.0275587702850326,0.4863721614285437,0.19485792771589872,0.19530493768723226,0.1938046261359722,0.18582703973096248,0.38378130841468544,0.20792968477855708,0.13327115995751573,0.12745263177400562,0.12677683229859507,0.29419478332959814,0.09590066675149791,0.5118553584406045,1.0531308664695755,0.3000199178967888,0.28417670521587907,0.2831696088378787,0.2692557208188252,0.26704980356986924,0.2661097196392566,0.27892022231332897,0.514872102364779,0.24677082592025873,0.30628066115919533,0.2928133075876502,0.21151445520801895,0.2112762629816847,0.18473713245132792,1.3353687799651663,0.3128184584208137,1.3179683788969219,1.2819355983808003,0.8662047612440614,1.0517367246475513,0.6070854399753098,0.9661274547983352,0.4916118115946181,0.35672050118791215,0.28466774011729784,0.27212545545443595,0.8409188262613447,0.7273801746933428,0.6094176543686953,1.2773338736429547,0.6850627383114773,0.5594956716622497,0.3597326598801213,0.07560758656055988,0.20154737183031934,0.0008810300960842577,0.05000990055805737,0.7152112353710968,0.10280529622185512,0.7446996881425646,0.5925281084369494,0.43677896489812956,0.2972436579207554,0.44499332661014024,1.9363238971783694,1.1520592813465729,0.3274642347091909,0.895969116230505,0.8898671877309107,0.8447550854458991,0.7636742499866886,0.8014340028497702,0.6294689229202943,1.050974077486996,0.43595042462389905
25019,1.1734563865075271,1.0674691889089651,0.7784052699732297,1.2532550857523141,0.8103054687398251,1.1846434768972096,0.7139140705284844,0.6082807474004013,0.7485866813872396,1.3576606450237498,1.0992185900603724,1.1349328624400667,0.7617103814788001,0.698685379697769,1.2190779521297075,0.9013738662133179,0.6981779597847758,0.8294546969658374,0.3202798705531931,1.0362637066937712,0.8142684750141618,0.1795772150057843,0.9397372384599939,0.0,0.33639547299158495,0.1495736333136954,1.130550178982242,0.49600793369260127,0.2638287032048803,0.4156134760534048,0.7141055112369092,0.7004562393268227,1.2449398442912676,0.4651372457217126,0.7569485166298444,0.758137683157388,0.7586067295068297,0.767299721724862,0.5713104003904134,0.7481038233900636,0.8226366021650658,0.8296780286673505,0.82906121089585,0.6624244118280269,0.8600210619669418,1.3492199595254666,0.5288942550969248,0.7514314552417999,0.7261521997091955,0.7298399192484827,0.7056721506555979,0.7089277870531724,0.7079031731559674,0.6633321954329862,0.4279897922338225,0.6950831526875598,0.6361650990895782,0.6566385187022241,0.7376176134426456,0.7387508708972097,0.7684773338658766,0.5507414301204103,0.7314933548299684,0.6587239172999679,0.6484422062862141,0.8215709211249128,0.6316249546136405,1.3241417134486324,0.6843539869413243,0.800706794692062,0.8237776069305739,0.7267369499464827,0.7155100032634335,0.38560729883455824,0.5655317707751814,1.2866052788869535,0.5566472605514254,0.7986219988006167,0.8096784400257325,0.6085159482142558,0.8777366793234004,0.7501693870921924,0.9404218051344239,0.9782391395531675,0.3392131391371093,1.0197155036836545,1.083548648880062,0.7541059622656481,0.952389568602721,1.1708553455054367,1.0647360031688828,1.1926699819929383,0.7784471101827085,0.8100535444277408,1.0245500940058352,1.042210954376662,1.0731779193376927,1.0444758223485193,1.001695468997997,1.0636676768684585,0.8777112384330713,1.1160356918539758
21639,1.0661877316436261,0.9535004746320951,1.0928364850353627,1.4140667632891997,1.117335941225605,1.0412466427873925,1.004913869838682,0.9303034401465664,1.070076658875227,1.3081952528628589,0.9319082171359615,1.3730724890513448,0.9652758318514033,1.0321676100058352,1.1091861360750943,1.1877118982293264,1.031747566925951,1.1320450893767073,0.587787219779891,0.8503416026022779,0.9171383771663858,0.3615311354273702,1.2178007121172354,0.33639547299158495,0.0,0.38736110431118753,0.9722787459885283,0.8076907665388272,0.22277034920242073,0.7506497686410938,1.0437847567791865,1.0269541388368555,1.4370405703279097,0.787287080782748,1.0763890479376943,1.0775272902789061,1.0777463535071998,1.0839423900829495,0.8854321107762577,1.0558141954912617,1.1263767807937628,1.1323034932471598,1.1316763086090942,0.9649913778836969,1.1558488466066947,1.3160752065085917,0.34639143627081953,0.9748807417867832,0.991211075058312,0.9924913340320942,1.0065485984863105,1.0087447626102901,1.0097929669947594,0.9969832436718346,0.7618831918033925,1.0288146076372497,0.969577869388842,0.9809731947613778,1.06169583034133,1.0626522120341333,1.0852511169972305,0.41537545568565143,0.9617543612508196,0.5049110241961784,0.5427515708302185,0.9478979381105694,0.7612249343170738,1.2158713077135856,0.8424475375202725,0.7581959874516331,0.9091549089455561,0.9907110963477734,1.0047300177583471,0.5231495911581543,0.8119634029950228,1.2198451769289762,0.4137913396259142,0.5991870482231867,0.6745267594000124,0.9066160087901307,1.1695072562806021,1.0307883881547444,1.2183432170455808,1.2480578228743326,0.6070742356795108,1.280868495970019,1.082946547630569,0.9957705250626705,1.1902550505981482,1.401727931656489,1.2933432145313148,0.9466717382455648,0.6588135683543823,1.0701332487752173,0.8938002521630111,0.9306510629308435,0.9420842501343746,0.8974214156907762,0.8539755470123135,0.8990340451487854,0.7779214093233977,1.3400344982999417
27691,1.051056870061757,0.9439285162251168,0.7346124184503571,1.1889629373588957,0.7649472446132308,1.056905316865611,0.6247625015436541,0.5658822904124304,0.7062966689916056,1.2797193937699198,0.9678388380312097,1.0751458756983145,0.6136902735863518,0.658986383140577,1.0963487902317455,0.8516389277731552,0.6584744262926061,0.7831586480157567,0.4195632019442025,0.9020755458439212,0.6691240386029282,0.3232956807112587,0.88824924754941,0.1495736333136954,0.38736110431118753,0.0,1.0005417047416563,0.45118435246671706,0.1771616138425342,0.37580038455296694,0.673591347107528,0.6591895201158143,1.388723334803265,0.42258107586451465,0.7142414450602111,0.7154215584727637,0.7158335230418625,0.7239859584464953,0.5271269029651184,0.702789506484861,0.776556035918446,0.7833507343335335,0.7827698764045915,0.6158417435967143,0.8122930371310059,1.2814418442363547,0.3946228334291365,0.6028469778022474,0.6080565050569983,0.609060916133954,0.627516209548597,0.6295961122551953,0.6308800772735254,0.6215312116860024,0.3879631388128411,0.6554015440330383,0.5963343335106585,0.6148269056731264,0.6958941451095787,0.696991688173193,0.72520101369392,0.5618894417269612,0.5826779575903802,0.7251059457610072,0.7075761279808792,0.7561121212626531,0.6531088172787288,1.2018313710688082,0.6194893841022897,0.6591477332375367,0.6790943677794039,0.6074285612074858,0.6243782630318011,0.5199529354399189,0.506873634782169,1.1925913218842605,0.49763710504550956,0.6621163594699199,0.6701818105003965,0.5608923106104352,0.8291465181878673,0.6989036649103068,0.8889050510981488,0.9250349152799525,0.39817718071306196,0.9646878489323257,1.0159839006848823,0.6945309542629765,0.8922449539326633,1.1095560089175809,1.0027731292622408,1.2567959589850886,0.6537778564984112,0.7544479149340405,0.8984036168542802,0.9190006298507315,0.947080630549888,0.9159277329592844,0.8730317873240486,0.9326159552504951,0.7561658095798238,1.053156114108893
41879,0.45942166356653913,0.49482517716787444,0.49867778559620624,0.5352721735546332,0.519096081795228,0.08602660217518557,0.42585509424340406,0.6178042551646151,0.47977798663933147,0.4100425931199283,0.04911050257233619,0.640728616913533,0.393390507692789,0.448316409757212,0.3902892294053386,0.5789389322264427,0.44806372273983186,0.5313527107759284,1.3084480085973802,0.13420798653966426,0.3542468999344319,1.2677835236549262,0.6034284208020703,1.130550178982242,0.9722787459885283,1.0005417047416563,0.0,0.8026627278491315,0.9165012948742663,0.7235641335458992,0.4583901894626329,0.4937181946039024,2.3277444180547446,0.7612449087970166,0.485228046816374,0.48604606137555206,0.48613086282876156,0.4941983640340194,0.7101094241374963,0.5769670456439701,0.5297273959799252,0.5317326019566329,0.5315640844055071,0.7005798345026495,0.5514050189523214,0.41998556643552737,0.6394631033769665,0.4011986053649903,0.41852181923120024,0.4156335770187615,0.4321825909916133,0.42909037059125166,0.42986808001230176,0.46788676042146515,0.7189686781847343,0.4498560405461125,0.5121113718847166,0.5529973900139129,0.4727760016796073,0.4736368020666996,0.4923375869304205,0.7946185056537403,0.41936833630667636,1.0110821346501104,0.9977736797839406,0.9650934313309448,1.1545376241912024,0.2993638081483376,1.1030776934760653,0.3797530119283505,0.34748621165887067,0.4181307909977675,0.4257932920209654,1.404578870931674,1.200702440299904,0.4770872740163107,0.7156366219100705,0.3812142034011288,0.37340660129826697,0.7997877791475881,0.5628102052668603,0.783090279758165,0.6038888512047043,0.6292435320884641,1.2874776047801164,0.6568887349366521,0.6915111317644574,1.0186290860385847,0.8243755761112423,0.6113677160839331,0.7320064485625387,1.514770971231362,0.724263824401353,0.8778484058876364,0.3684615238171298,0.5446817383840531,0.31628111361621797,0.1912384581300938,0.22686768988381142,0.0797012959814555,0.8326502875242384,0.6706281037229073
32763,0.8308182405646616,0.7268486915298801,0.3100414560796251,0.8006554496808613,0.3175064934601938,0.8528084104646917,0.4213325453021151,0.2035834497376352,0.34138768412984644,0.9127454372854457,0.773711194444784,0.6728881320110575,0.4645942888204261,0.3891903946866949,0.8777613249071836,0.4179928457804718,0.38957404636066867,0.3386974896876372,0.5959207958067191,0.7156036499925881,0.5123500886500111,0.4719297472557661,0.46005615768807456,0.49600793369260127,0.8076907665388272,0.45118435246671706,0.8026627278491315,0.0,0.6079547368667088,0.11555024805507103,0.3742952000301164,0.33457343543914914,1.5833854498291842,0.06008555254909359,0.33207513746415174,0.33284279552663065,0.3311817347941218,0.31825451016545736,0.09737133321893336,0.2547470591664102,0.33129903779596626,0.33880836231376327,0.3382914164833514,0.17102824861159116,0.37234878048409964,0.9037243268490296,0.6516663010184911,0.45534070517204717,0.43218151068583827,0.43576385399515194,0.41356903016069746,0.4168168899235399,0.41589768743199423,0.37291970537418795,0.11875140362561996,0.38813215009858837,0.32527521767631856,0.2720471873527073,0.35202428842586697,0.35167614950796267,0.320542014552599,0.9519612836426885,0.43566406264663576,1.1033645291445577,1.073806947591922,0.6778333770976843,0.8641580986555003,0.9828127512623921,0.7805713694536546,0.49206895696359093,0.5210526568743006,0.4327175736680733,0.42282702784941695,0.6978858814897034,0.5672890631190785,0.8418853813674116,0.8909987281560839,0.4806977138631859,0.49722813483743866,0.11896530738137462,0.3918973854639534,0.26853714940148704,0.4608063986612447,0.502264447908519,0.5744514476100896,0.5475626586807634,0.6360115706059501,0.4279984593150179,0.48976551594569545,0.7119239813580577,0.6063018847363126,1.6372849034429144,0.843704744309323,0.3375728137027723,0.6884832656605481,0.7008436580855361,0.7374094583179094,0.7130063922529837,0.6703429121456169,0.7372513344440715,0.8451982665634686,0.6596583667090374
26715,0.9924135087076394,0.881926854869054,0.8928081903238492,1.2958143112852576,0.9192630972730781,0.9802641530853451,0.7975736215009632,0.7280233169867213,0.8681905044920922,1.2291611887799743,0.8793078799947149,1.1934532881963613,0.754489302512619,0.827145525815566,1.036402619205564,0.9951271824948915,0.8266970763968557,0.9351474813575493,0.4978539090474761,0.8043123439758871,0.7020407903120145,0.4233504095377798,1.0274199456243802,0.2638287032048803,0.22277034920242073,0.1771616138425342,0.9165012948742663,0.6079547368667088,0.0,0.5447811252540022,0.8397577091686534,0.823699080456359,1.4941298128421359,0.5847683404207671,0.8750478667947098,0.8762015112010294,0.8764842378833914,0.8833318499661406,0.685121168601296,0.8574461066279947,0.9291652153799189,0.9354179573304245,0.9347715809474356,0.7677937883815982,0.9607444309023836,1.2365154032732066,0.2985576194187435,0.7649015443919652,0.7828706324924256,0.7840627643666284,0.7995843181377222,0.8017375920787672,0.8028643418888526,0.7911677030532203,0.556301568301263,0.8237629157239048,0.7644481616847613,0.7781876196548358,0.8591342328110682,0.8601383027891663,0.8846116934184922,0.4339020579551889,0.7520094039322749,0.6108529317164321,0.5943679043233158,0.8613818624959458,0.7032324051995948,1.1427109933889836,0.7263200580227922,0.5373157626983565,0.6932717162779324,0.782328168285719,0.7973240944394531,0.5968388663719242,0.6294306962651446,1.1412149287521254,0.3658606379710153,0.5576322597525342,0.5555081518571869,0.7104896396827506,0.9754781287180668,0.8394433441159732,1.0280008047391105,1.0598877932047392,0.47657946325749406,1.0950216743363286,1.0018503478506455,0.8146411045256756,1.0103803468780823,1.2240784117538983,1.1160832792435982,1.1371357019030142,0.5889578929945635,0.8842054395106409,0.8280685105270303,0.8582006682101962,0.8765446662538601,0.8375019326130817,0.7942158137320994,0.8454074218773674,0.7012288694206709,1.1640824605496813
35496,0.7651629288228717,0.6590137099757349,0.36425381830779935,0.8408833317474133,0.39630379286829254,0.7774768478168378,0.3085569068591031,0.19337048318290187,0.33429909673624336,0.9455941439473858,0.6923432238320353,0.722173878869121,0.35611752123615686,0.28420054470338274,0.811029030767254,0.48775230941924497,0.2836611263414072,0.4155406287244796,0.6921961081388869,0.6296080152184402,0.40847680189758717,0.5862030130806931,0.5262511064042145,0.4156134760534048,0.7506497686410938,0.37580038455296694,0.7235641335458992,0.11555024805507103,0.5447811252540022,0.0,0.2996926096986492,0.28593761324428063,1.6414196027987404,0.0578880849565895,0.3427250585996756,0.34392031073331747,0.3443876024798784,0.35311191772245176,0.15630739597282392,0.3338025781799213,0.4086597823679826,0.4157039642977849,0.41514520246897696,0.24777056191618035,0.44623415737588296,0.9370901256591443,0.6012168858007596,0.34591261037198384,0.3207113967651961,0.3244142388070557,0.3002871308352325,0.3035913431954287,0.30256559407997113,0.2579377034201337,0.012455093417217119,0.2805211554352235,0.22136546648308986,0.2419241418869498,0.3232980504454787,0.32443847989446095,0.35430419804041907,0.9133504571034139,0.32590505754980653,1.0718658461675727,1.054046982370798,0.7514621374373173,0.9378937978332075,0.9165447383585399,0.8554021802482151,0.39421258043540897,0.41794164012889123,0.321301936473125,0.3101413464890308,0.7929928288206628,0.6545993771124468,0.8741848649707826,0.8504179936996147,0.39131182239630097,0.4028485086823014,0.1937146156399527,0.4640170612472214,0.3358121002059074,0.5269396774055437,0.5649166573363607,0.6707959959307085,0.6065311740674793,0.6704062443967076,0.5133726413264645,0.5388414911868705,0.7581979577809228,0.6515628591664049,1.6026901417959214,0.8091216035910804,0.39598313845816674,0.6163254402101642,0.6336301263472776,0.6651658989150634,0.6367123863525669,0.5938521273913265,0.6565352210762476,0.8759269081444633,0.7030481706219608
38551,0.8063035692520315,0.8562960146715781,0.06593253650890345,0.5507730125917454,0.0986093508262625,0.5114571674241597,0.05076907598614096,0.17227734502834724,0.03537158999649487,0.6569895463089649,0.4276411206899052,0.43027942964587407,0.09742419319496098,0.016102293974983393,0.7426996934697013,0.19226189949309622,0.016550829945067076,0.11820910065452984,0.9537678038177912,0.3659447976062794,0.1487407868191727,0.8438440998888718,0.2310398849171605,0.7141055112369092,1.0437847567791865,0.673591347107528,0.4583901894626329,0.3742952000301164,0.8397577091686534,0.2996926096986492,0.0,0.040599464031122356,1.8887817857743845,0.3157042047606529,0.04394471482169897,0.04513829600398735,0.04564185950841446,0.05731139919446455,0.27772985914820253,0.15494528739193292,0.11413527523007899,0.11843795360926875,0.11788436119907796,0.28726401469744595,0.1494800746492911,0.6484181861871697,0.8937756887459367,0.08740465221497995,0.06651350474089633,0.06632268665957924,0.04762490414884788,0.04592371224893548,0.044928775606248146,0.05356324570417178,0.2873225009398694,0.019369105634262283,0.07846722465566441,0.10356237895073307,0.02413023063630902,0.02528475522044644,0.055747566068174194,1.2028363497051435,0.0989119857995317,1.3596083411124738,1.3417656923863293,1.0181740059632374,1.2040543476111587,0.6485579066611404,1.1214897928964214,0.30401623955632173,0.158049027034517,0.06711199435198041,0.05236422424096322,1.0544182447797186,0.9183520247291472,0.7428445888811223,1.1404143249670629,0.5163697007034598,0.3796764203852879,0.3939841192121194,0.16762937924767726,0.40612034934065633,0.2317393082347151,0.2703626336993622,0.932336185716629,0.31274572299138026,0.8840530322136474,0.7779262250207446,0.617756457905651,0.47017489150791164,0.6150324467583975,1.887394439589983,1.0982529537942445,0.5353348960021723,0.7662301907352537,0.9010248950075557,0.7147734540687831,0.6245202699714711,0.6618284219271013,0.48027306170732476,1.1639453870342933,0.600698753227903
41866,0.7858442870775701,0.8360859519179012,0.08006987159823052,0.570321972882578,0.11317792167904198,0.5462979353512252,0.09070712694621491,0.13195652234792749,0.04910390074188792,0.6774574703562066,0.4633015641205775,0.44864500114907424,0.13672871660424177,0.05646585562821444,0.7223268493750574,0.20755405223556475,0.056884549492917304,0.1330469272039069,0.916632946872647,0.4022074680283993,0.1874422514397614,0.8044409992380114,0.24721087999916916,0.7004562393268227,1.0269541388368555,0.6591895201158143,0.4937181946039024,0.33457343543914914,0.823699080456359,0.28593761324428063,0.040599464031122356,0.0,1.8498870896393442,0.2753985383368271,0.05782635659453193,0.05902974467120408,0.05953193797142717,0.0686118824985632,0.2378674438958176,0.1154630113943497,0.12600266557842768,0.13323122152985487,0.1326477530774275,0.24804965804475326,0.1646992631059039,0.6688005614315583,0.875950449883231,0.12686465267891597,0.10239172561838361,0.10605392784445898,0.08262767339265555,0.08590270702184126,0.08491528255615038,0.040852626562834796,0.27363271673127093,0.05556979477663683,0.0647843629512867,0.06310433033462155,0.03773160290997856,0.03889807023185904,0.06978796340602275,1.18346046271838,0.10695898024155101,1.339290960944722,1.3213605177632606,0.9838620414394574,1.1697978861020892,0.6821671357242189,1.0871161794812458,0.28786279560478517,0.1966355128234485,0.10296274083370814,0.09225999858831072,1.0174750718443306,0.882337743601229,0.709347857521174,1.1212883476822375,0.4990807786017012,0.36300863001060113,0.3550708884977352,0.1830541402361193,0.3681074779658608,0.2479195123956737,0.2870281368987073,0.8952298264675091,0.32984204713579257,0.8502710043435053,0.74207852258731,0.5820929527559825,0.48565225248277905,0.5798865939582545,1.8678781187894935,1.0782607235547164,0.4984564804012455,0.74655023987049,0.8807044560296713,0.6951515062432418,0.605393085036265,0.6427540861830524,0.46176976815270787,1.1432565890213238,0.5657397713563211
36395,2.366361154900564,2.264343870258155,1.8545322149756576,2.3602481935098187,1.888849943061441,2.378940573017992,1.9371196885861177,1.7229570229939566,1.8548940968062382,2.470124327239227,2.2981465374104,2.2352501188238922,1.9815634375001547,1.9040798364963671,2.410548621890363,1.9866052765827427,1.9044778348633171,1.9094523511131103,1.431085036561839,2.2387665449533114,2.030590535395707,1.1471982717568163,2.0275587702850326,1.2449398442912676,1.4370405703279097,1.388723334803265,2.3277444180547446,1.5833854498291842,1.4941298128421359,1.6414196027987404,1.8887817857743845,1.8498870896393442,0.0,1.5846205074075757,1.8453376210687276,1.8460551570388863,1.8443881678029903,1.8427948047676588,1.6552410495334058,1.8287714154892312,1.9022873650621508,1.9095479966037792,1.90906222392571,1.748696614729715,1.942164684853351,2.4612958498520774,1.747083540340962,1.9720291975450375,1.9484233977286096,1.9519330705409859,1.9293385896288362,1.9324825769129028,1.9315279353936228,1.8892788329327466,1.6442436255802015,1.903184152274456,1.8428966035597663,1.7893612435233666,1.8658520425193788,1.8654650804222004,1.8438718487008292,1.7628987635798243,1.9529862653846382,1.820327329697916,1.8551451914461377,1.9442341973882444,1.7584413905536054,2.511459091838315,1.8090157998746368,2.0156329389805743,2.0394748559889395,1.9489751244955913,1.9386112990247892,1.3583332178325749,1.6800441415543124,2.4025201678000783,1.769674585964134,2.010823330062588,2.0231208321780523,1.6989168428245294,1.9611899981097576,1.8438644599278091,2.028289262379085,2.068695210543849,1.4496334680985608,2.1128677003156042,2.2038131085917394,1.865777073839227,2.0596488603128313,2.273464392147203,2.172811939014255,1.2046923637431308,1.9839373203375898,1.9114192597682271,2.223911848379906,2.2397184818626528,2.2709545760788665,2.244206557333849,2.2030358866470845,2.2638311050048276,2.0460840789054164,2.2242754457067995
37218,0.7956710636817863,0.6904926804733573,0.31616072103808707,0.8145158379274136,0.3499000774456417,0.8130833685112362,0.3648679684441797,0.14357566477464237,0.2845936264588284,0.9230839602876085,0.731274597274589,0.691082579165576,0.4100482852010075,0.3312717852270874,0.8419049026755075,0.4460257644643708,0.3316883556081713,0.37014732603707695,0.6467048931702324,0.6710918005777116,0.45984851588724396,0.5313321793131431,0.4863721614285437,0.4651372457217126,0.787287080782748,0.42258107586451465,0.7612449087970166,0.06008555254909359,0.5847683404207671,0.0578880849565895,0.3157042047606529,0.2753985383368271,1.5846205074075757,0.0,0.29348831023999056,0.29469493956256276,0.29521898552980036,0.30451493527268336,0.10833858117973677,0.2872633240921718,0.3630114226150126,0.3703288797551284,0.36974638246653113,0.20242480728714873,0.40237115116096167,0.9143342764504625,0.6342330921862368,0.4003651749227074,0.3762973866818646,0.3799334270216833,0.35689786165400744,0.36015229344047506,0.35918573278240984,0.3154733723114539,0.06084838796856711,0.3303590856118334,0.26732706798926764,0.21243406342490206,0.2923859983938926,0.2920032566732883,0.3056784888981394,0.9398380593728688,0.38054058760499543,1.094442334478784,1.0763049598206136,0.7177133729585,0.9041208081049993,0.9471692453483166,0.8210149603596661,0.442248520198935,0.4688909168817341,0.37685767856883706,0.36640247341501514,0.7481033898790126,0.6137081758583489,0.8519594177307788,0.877927295052686,0.4346618470334382,0.44896712708869635,0.14939900481085278,0.4210681006477859,0.29543390584730667,0.48709271303097806,0.5268756546268244,0.6252042235994825,0.5704030244505729,0.6470950346972086,0.4735070132070375,0.507854534736574,0.7286759369849584,0.6225651765718488,1.6269073145008126,0.8333634471739858,0.3601600033186459,0.6502050964929906,0.6647675974063654,0.6990687016497982,0.672886598846548,0.6300916410898562,0.695105525414145,0.8809163443296114,0.6750356913190073
40333,0.8276631942181051,0.8784288408268586,0.02293643980954541,0.5257797067997638,0.05701708907181331,0.5366655845453286,0.09239151165848342,0.14998765674872958,0.00966880759910223,0.6351545570608257,0.4554937951184395,0.401370195396561,0.13714491970726483,0.05914691345040431,0.7643531986334267,0.15478122755251097,0.05957551683534549,0.07746250920995039,0.9198085883974564,0.39580481978312165,0.18652700580463638,0.8021299766461445,0.19485792771589872,0.7569485166298444,1.0763890479376943,0.7142414450602111,0.485228046816374,0.33207513746415174,0.8750478667947098,0.3427250585996756,0.04394471482169897,0.05782635659453193,1.8453376210687276,0.29348831023999056,0.0,0.0012100570300256968,0.0017537517264284742,0.014112709825160842,0.23504954570719133,0.11347279438936539,0.07337397429764494,0.07766461834052281,0.07734069077870101,0.24676140113388642,0.11000649290523745,0.6264247068853654,0.9235129871427308,0.12754299170178432,0.10776278144314905,0.10730739080213984,0.08966960432340873,0.08772917211769465,0.08678102489072552,0.09635312615172166,0.33055386975954326,0.06257083795605156,0.121749995090317,0.101749943870477,0.020676405320076783,0.020300449928443914,0.012318283277193741,1.227378275353782,0.13940931433162623,1.3810328511270336,1.362948739687771,0.9939502172226553,1.1797772928854524,0.6697951675452619,1.0967633806172878,0.3392976610694409,0.19541493548207334,0.10833735375534854,0.09393268889457353,1.020953522313655,0.8882375440956237,0.7214575407634134,1.1658014421497302,0.5479435204849052,0.41342126640123716,0.3543561396933462,0.12890312817741761,0.36970165350205564,0.1955838430858643,0.2357221211369873,0.8983496640440698,0.27966896845951816,0.8617583241113459,0.748648917117469,0.5891414286812179,0.44277268063127034,0.5880812261331604,1.9100892742196134,1.121021580830508,0.5027050010970331,0.7902351882250603,0.9228648755479104,0.738837627002531,0.6503388021654111,0.6877317349618367,0.5080318220288647,1.1580097710341835,0.5745335865154791
32729,0.8287464447558397,0.8795154889156364,0.023101299266707946,0.5246674018960378,0.057081905054697735,0.5375973243057658,0.09330659648016477,0.15119508196456954,0.0101255554319472,0.6344304816096554,0.4555905811947177,0.4016473031317976,0.13815444636705546,0.060033029280687794,0.7654380718397521,0.15556749330278571,0.06054739699994662,0.0779432443019454,0.9206142896001673,0.3964122031192692,0.18769844670146735,0.8028939909222284,0.19530493768723226,0.758137683157388,1.0775272902789061,0.7154215584727637,0.48604606137555206,0.33284279552663065,0.8762015112010294,0.34392031073331747,0.04513829600398735,0.05902974467120408,1.8460551570388863,0.29469493956256276,0.0012100570300256968,0.0,0.001699328853758575,0.014876429872952377,0.23581538105049593,0.11423832521002508,0.0741503380537527,0.07684287361815115,0.07811818275979786,0.24753873510514993,0.10893757805215493,0.6272986470578201,0.924641124600959,0.1276852029032022,0.1089504023769812,0.10781575772670092,0.09086108105495037,0.08873807543175238,0.08751110711303373,0.09754820437229252,0.33175013967764416,0.0637679206863904,0.12294741762528266,0.10295530209877204,0.021506362004570363,0.020347092046484005,0.012581179501597302,1.2284787959002363,0.14059328535764026,1.3821172372314177,1.3640324272940287,0.994809299863891,1.1806334412729167,0.670106451120001,1.0976111758180083,0.3404491550053132,0.1954148973691302,0.10952485872411445,0.09362033249005582,1.0217601436375288,0.8890641960151885,0.7223332261690796,1.166906676576296,0.5490765186845035,0.4145722441822969,0.3551304640901577,0.12856422410933638,0.37050006809696506,0.19598805961483926,0.23648124439668028,0.8991484646589869,0.28019641872120565,0.8626291242684252,0.7494829012072769,0.5899801108911233,0.443618056330024,0.588921604401601,1.9111648754880646,1.1221159224704875,0.503522818560188,0.7913382455784925,0.9239569608520851,0.7399341124176663,0.6514510876676101,0.6888442815220048,0.5091537735797261,1.1588877182218886,0.5753852102917185
29236,0.8287028659062731,0.8794910000048849,0.021425048576113555,0.5246177882687814,0.055441952829122294,0.5376525677956449,0.09375951820275522,0.15171870730801637,0.01065078486475788,0.6340818931815516,0.4559140382818333,0.4003458445101309,0.13854645879964986,0.06050562874891132,0.7654015550187682,0.15404309489529355,0.061019078731466836,0.07634034666700105,0.9191691522689395,0.39656756274053334,0.18804524581019422,0.8012496975766802,0.1938046261359722,0.7586067295068297,1.0777463535071998,0.7158335230418625,0.48613086282876156,0.3311817347941218,0.8764842378833914,0.3443876024798784,0.04564185950841446,0.05953193797142717,1.8443881678029903,0.29521898552980036,0.0017537517264284742,0.001699328853758575,0.0,0.013189385558111676,0.23414208486463314,0.1126108439858147,0.07252631313242976,0.07600756431792303,0.07650663518186046,0.2459216123831983,0.10839779878587491,0.626160881766795,0.9247883849809265,0.1283155216456598,0.10937411379019689,0.10824942603159705,0.09130397212509384,0.08918263415207402,0.08795453331686595,0.09800906193715021,0.332222192265922,0.06423869642899327,0.1234201769360229,0.10346771395764845,0.02201949238698887,0.021204491430408794,0.010908904843641765,1.22850107653403,0.1410009018220836,1.3820640515599665,1.3639730651735633,0.9936121947507481,1.1794365372038684,0.6700650177524866,1.096417002405859,0.3407438975150443,0.19610421842718087,0.10995492060855634,0.09474380397847247,1.0203286956213007,0.88772608278264,0.721216049718116,1.1669491893399124,0.5492814494097774,0.41481471314045393,0.3535510436933223,0.12730953995416436,0.3689883790248075,0.19448843082754858,0.235035529495786,0.8977172768494707,0.2787760679170436,0.8614803027160057,0.7481557086625369,0.5886691627319298,0.4423379603119737,0.5876680572940118,1.911151490408275,1.1220935328137092,0.5021088021053565,0.7913444148739446,0.9239105803558076,0.7399564672314196,0.6515011918180578,0.6888965384774381,0.5092544431184455,1.1577867560299417,0.5741368981176281
33376,0.83212389836056,0.8831034158597884,0.01188828106074243,0.5200475754793125,0.046385704718553765,0.5451859353523395,0.10540175929804035,0.16101356487986446,0.023654835024602746,0.6303398388531792,0.46474070879103124,0.39449401911398596,0.14962862170481842,0.07253970810173067,0.7688947050303737,0.14463481324136654,0.07295779190716668,0.06709223982179562,0.9084386222764109,0.4056015692828265,0.1983826562275865,0.7884689571850653,0.18582703973096248,0.767299721724862,1.0839423900829486,0.7239859584464953,0.4941983640340194,0.31825451016545736,0.8833318499661406,0.35311191772245176,0.05731139919446455,0.0686118824985632,1.8427948047676588,0.30451493527268336,0.014112709825160842,0.014876429872952377,0.013189385558111676,0.0,0.22109152718897185,0.09987961062730374,0.059984076133636544,0.0672754900969552,0.06668848378879,0.23344870901219747,0.1000121865591725,0.6214802269647509,0.9302752009304818,0.1401478881156058,0.11766331702420155,0.12014736041811447,0.09978646125892515,0.10078700616682985,0.09984465309464785,0.10667255309516781,0.3409946925554748,0.0730021608355064,0.1322034119166465,0.11265029096652197,0.034526029448569716,0.03415938069787842,0.002302747414635086,1.2327167905712957,0.1491119626406852,1.3855136547350184,1.3673621766305748,0.9854368729395682,1.1712524104866164,0.6772224845987249,1.0881122747233296,0.34758193647034624,0.2072570182625685,0.1182429772538664,0.10691915358067504,1.0097318828334996,0.8780094443751859,0.713783068391188,1.1713716154160287,0.5552117566254868,0.4212756071839473,0.3413101230683386,0.11912366503609138,0.3575973438180962,0.1865607799102855,0.22715361452869726,0.8869781008098833,0.2715542764199372,0.8538067523732779,0.7386513463227024,0.5793379334554906,0.4333233349730544,0.5787715943469239,1.9149432936459574,1.1258678893510619,0.49171893393143934,0.7954180270240154,0.9274531873570945,0.7440437864080754,0.6560200880500265,0.6934407930303533,0.5142540873865562,1.1505940855815497,0.5654474123314887
27445,0.7399914320719917,0.6806631522011191,0.21277409433631506,0.7213304237026389,0.24272484075297945,0.7606521202043369,0.32526258550167436,0.10661537111340774,0.2444730267973389,0.832560892557347,0.6809192756989597,0.5946221719904281,0.3689803501416535,0.2927817547761423,0.7864694358955271,0.34213868693585553,0.2931869942577375,0.263683537874196,0.6908155577936289,0.6223254642482758,0.4172041307675939,0.5688016925020541,0.38378130841468544,0.5713104003904134,0.8854321107762577,0.5271269029651184,0.7101094241374963,0.09737133321893336,0.6851211686012951,0.15630739597282392,0.27772985914820253,0.2378674438958176,1.6552410495334058,0.10833858117973677,0.23504954570719133,0.23581538105049593,0.23414208486463314,0.22109152718897185,0.0,0.17996651438034103,0.25636246997377204,0.26385293272645766,0.263278570075995,0.09593947671388259,0.29698422588606127,0.8236285220078353,0.730310172677113,0.35961800645705666,0.3362456208400406,0.33984178133679854,0.3174678633065652,0.32070030390962506,0.3197701449276856,0.27660709654762217,0.14423584645457652,0.29182746807349474,0.22882911266400702,0.17520670089413762,0.25521534262673307,0.2548593675067476,0.22338625260411038,1.0317418094713748,0.33989813331148083,1.183850684319091,1.164785236720321,0.7701489477288291,0.9564041750224808,0.8916152542779024,0.8729466446637395,0.3975099036309476,0.4259863562364995,0.33678732164488556,0.32676673402944656,0.7925523453320285,0.6611521719465031,0.7615993828685297,0.9705219113729036,0.386996934312581,0.40303208128278095,0.12116407656768734,0.3163232913390876,0.19241032794275517,0.38452361648115757,0.4255704849166382,0.6692863975020367,0.4704359441429808,0.6388192103086168,0.5217244600145392,0.4114091872141289,0.6333040798025121,0.5275111112895049,1.7164789667677278,0.9239783627339795,0.2736425422517626,0.5966223841380167,0.7249671449167545,0.6455182477390945,0.6207417765489004,0.5780016200767745,0.6445049775265891,0.9364754783740333,0.5806717770939572
43226,0.7761637044144074,0.8452124768993055,0.09185749207333249,0.5535224953331376,0.06289878629575411,0.6264578195893528,0.20120308725956443,0.1437236344368184,0.1226630351313539,0.6670580121738969,0.5483735207674422,0.42402412013759994,0.24380385125953005,0.1696198254802907,0.7305449551999443,0.16512945402941573,0.17002560050219678,0.08445446260319153,0.8166781688965273,0.49106443486972806,0.29077496796011804,0.7001847074941971,0.20792968477855708,0.7481038233900636,1.0558141954912617,0.702789506484861,0.5769670456439701,0.2547470591664102,0.8574461066279947,0.3338025781799213,0.15494528739193292,0.1154630113943497,1.8287714154892312,0.2872633240921718,0.11347279438936539,0.11423832521002508,0.1126108439858147,0.09987961062730374,0.17996651438034103,0.0,0.07699688135900412,0.084637583675889,0.08405464866111252,0.13463983980603972,0.11868451660244396,0.657974017005999,0.8993845674323554,0.2346818552169721,0.21186343527869828,0.21541218313520263,0.19357747457111635,0.19678183978728064,0.1958873478518684,0.15315198897793275,0.3218563193274538,0.16864197528774238,0.11306625135319699,0.09495066932245298,0.13309606774608687,0.13275930032619357,0.10213822410523216,1.1973156461229224,0.21504268313212882,1.3359514225698046,1.3007924016796726,0.9034183163750346,1.0893288596497959,0.7441658472615844,1.0056212396323534,0.3213881936546778,0.299363323113801,0.21237835597794874,0.20271347779793145,0.9185715821625424,0.7900449335988822,0.6344805052880786,1.136694321410366,0.5257387707976158,0.3937609117034437,0.2433752234948005,0.13859940298347748,0.26300941514682374,0.20869069095103296,0.2507892140336772,0.7951168782535877,0.2968461591390446,0.7736390995871788,0.6514502230584277,0.49274258291823386,0.4636630472676511,0.49380610828859267,1.8787975487274031,1.0887357078871323,0.4010317059251189,0.759251110303665,0.8893597779469475,0.7078676688973059,0.6214594466164027,0.6589589051712218,0.5117837100036188,1.0723816700569664,0.4813289504056677
35493,0.8253444089837891,0.9121489854891617,0.052124751157744245,0.4842198358486339,0.01793228392094537,0.5786020518128275,0.15960198935228084,0.21951668047399317,0.08237528158571723,0.5992113299516815,0.5015401407257836,0.35286561178300846,0.20144827207117047,0.12853437686197855,0.7826162887266251,0.08977078927658115,0.12890316161556012,0.0076104403224272425,0.8587580224238642,0.4449857828898141,0.24768357328320345,0.7766187427375562,0.13327115995751573,0.8226366021650658,1.1263767807937628,0.776556035918446,0.5297273959799252,0.33129903779596626,0.9291652153799189,0.4086597823679826,0.11413527523007899,0.12600266557842768,1.9022873650621508,0.3630114226150126,0.07337397429764494,0.0741503380537527,0.07252631313242976,0.059984076133636544,0.25636246997377204,0.07699688135900412,0.0,0.007739429492254266,0.007199704567566445,0.17388087510004205,0.04246095430711824,0.5899987157347056,0.9690667594731238,0.19250879460613707,0.17100636121647456,0.1735644854200763,0.15410041121248344,0.15523417531528821,0.15435015783163236,0.1619414646209691,0.3968012906336449,0.12876108072588807,0.18808766836807167,0.17058008848938544,0.09263735383684485,0.09231521487559384,0.062253814900434336,1.2648658055988415,0.2015141687083808,1.384765987016082,1.3495339544252263,0.9503040195681078,1.1360357408156587,0.6772917935210123,1.052223445043313,0.3934123215779409,0.25613468017730456,0.17155667650823964,0.16106763960913878,0.9607961789389935,0.8341236111638701,0.6828580632664696,1.2046147561208487,0.5963358821965217,0.465158397446352,0.2830436596891383,0.06272325473952536,0.3042034736421989,0.13404624598026724,0.1769032090958874,0.8372497428957071,0.22367820559821922,0.8215199101269957,0.69599423526676,0.537694086637866,0.3934806741521565,0.5395770150222957,1.9447198070233647,1.1557355763179324,0.44403714924818455,0.826876102188345,0.9553603297481541,0.7755758702898767,0.6898055911502609,0.7273593892601677,0.5505462203975575,1.1210081137425867,0.527432312751819
62259,0.8251703748247416,0.9169977792094326,0.055923218770637766,0.478682544619529,0.021799484664939556,0.5805579409681096,0.16320329447750648,0.22683618049251542,0.08587136280488757,0.5941001576309224,0.5029332335875502,0.3478416244876913,0.20494921199114377,0.13224216421336155,0.7824767137025505,0.08476997361149578,0.13269466707941494,0.0012190133298342416,0.8566018626873525,0.44708995785194167,0.251230348144031,0.7842123487366739,0.12745263177400562,0.8296780286673505,1.1323034932471598,0.7833507343335335,0.5317326019566329,0.33880836231376327,0.9354179573304245,0.4157039642977849,0.11843795360926875,0.13323122152985487,1.9095479966037792,0.3703288797551284,0.07766461834052281,0.07684287361815115,0.07600756431792303,0.0672754900969552,0.26385293272645766,0.084637583675889,0.007739429492254266,0.0,0.0013764631853019525,0.17086373028530674,0.034937825978523136,0.5865090956272073,0.9746968527365492,0.19518404623034025,0.1778964916683311,0.17669269978923277,0.16106751385850548,0.15894191138757963,0.15778371714725523,0.16899196986350315,0.4038954304852459,0.1358185204464976,0.19518927859598553,0.1778522197624007,0.09645708773078711,0.095355016589413,0.06610805263812847,1.2699310501645535,0.2083258135821383,1.3845512552978316,1.3493127182225577,0.9495173399070066,1.1352002400739665,0.6732767072923856,1.0513625999161342,0.3996747360717452,0.2583905969989604,0.17844431273218636,0.16343058443868538,0.9587043142751229,0.8325361124095871,0.6824571718196428,1.2098087744595594,0.6022028923598308,0.4712590728714096,0.2801450702830554,0.055778185969707315,0.30171987223157626,0.12818845953148994,0.1716065125528562,0.8351236779858232,0.21835284920460418,0.8209954120130002,0.6945239577370332,0.5363186998240126,0.39227106876010964,0.5384252465055865,1.9495467123920074,1.16063412313559,0.4421047398580377,0.8319190982405309,0.9552419663044105,0.78063572735911,0.6950281936961271,0.7326205414952042,0.556008151177168,1.1207221684217976,0.5263899033413888
48838,0.8240069854879971,0.9162086039281041,0.05623317428161629,0.47934596485027464,0.022216100138033646,0.5802453783794311,0.1631164852089415,0.22624834938359678,0.08632693956222057,0.5948066896270421,0.5034896935716707,0.34742457316565334,0.20478059900807405,0.13221577423949185,0.7813156899439881,0.08342530008477084,0.13261186819901305,0.0004114265161372385,0.8553712660521732,0.4471737255369223,0.25076235281755477,0.7836709959602653,0.12677683229859507,0.82906121089585,1.1316763086090942,0.7827698764045915,0.5315640844055071,0.3382914164833514,0.9347715809474356,0.41514520246897696,0.11788436119907796,0.1326477530774275,1.90906222392571,0.36974638246653113,0.07734069077870101,0.07811818275979786,0.07650663518186046,0.06668848378879,0.263278570075995,0.08405464866111252,0.007199704567566445,0.0013764631853019525,0.0,0.16950168771104454,0.03545289858654628,0.5855867498928915,0.9740432866682084,0.19586263399277323,0.1772699960656901,0.17700889404596915,0.16047691148390686,0.15877535949719154,0.15790364724567557,0.16837715066274184,0.4032984790551297,0.13526680366499833,0.19457814928906106,0.17725930399940518,0.09651676426692306,0.09619661357755244,0.0662820699237067,1.2692381167616535,0.20768621317195268,1.3834664579782792,1.3482042380377577,0.9483412646265066,1.1340670865472064,0.6731656522436065,1.0501523939637465,0.39898971645913694,0.2591865770605319,0.17780552772507568,0.16459164826891462,0.9574803750406236,0.8312709830000234,0.6812765899422467,1.2090765740476108,0.6014890033549799,0.47059257186145476,0.27877874752459897,0.05583688149616876,0.3004586533913319,0.12755455235054697,0.1706154415648397,0.8338204295054387,0.2176454929717028,0.8198431779583674,0.6933031595321103,0.535075914043328,0.3910486867754454,0.5371887561980018,1.948854088471954,1.1599044443710842,0.44085449583910524,0.8311931270911499,0.9540934250853836,0.7798617841870016,0.6943341001714577,0.731868865272107,0.5552670482061955,1.119573917045123,0.5251931902954217
31307,0.6827116669405066,0.7483607689393326,0.22566221140834614,0.6470899652399978,0.19168337218183848,0.7492270157337174,0.33245174209623074,0.11776773382210354,0.25572509456512743,0.7626267075171813,0.6725290762317482,0.5150607459512565,0.3740622772617371,0.30157491682021115,0.7496583573767844,0.2504163811464152,0.301963388054592,0.16966777693940774,0.6868088573894335,0.6162524613455331,0.42001146626063124,0.6173233185768023,0.29419478332959814,0.6624244118280269,0.9649913778836969,0.6158417435967143,0.7005798345026495,0.17102824861159116,0.7677937883815982,0.24777056191618035,0.28726401469744595,0.24804965804475326,1.748696614729715,0.20242480728714873,0.24676140113388642,0.24753873510514993,0.2459216123831983,0.23344870901219747,0.09593947671388259,0.13463983980603972,0.17388087510004205,0.17086373028530674,0.16950168771104454,0.0,0.2027899611343105,0.7533986576504245,0.8067203804632972,0.3651626309585844,0.3427932204745968,0.34633083584447916,0.32491016208971574,0.32811021178127475,0.3272323620767629,0.284871457227337,0.2359215900024804,0.30056145105693155,0.23763751129049043,0.18584935024766353,0.26590444538731955,0.265585304097547,0.2357143073184488,1.1021299591494838,0.34560120359098895,1.2154123859743267,1.1800710510991637,0.779580250074959,0.9656902248094236,0.8410523282525347,0.8816195355587957,0.39732228604526804,0.4284179676122188,0.34330815872734055,0.3339122023992182,0.7891792420408149,0.6625044433248223,0.6919662777235329,1.0419006208528347,0.43382576881861634,0.401119753668979,0.1093596468416707,0.22318783360469488,0.13107964870272926,0.2949732481415336,0.3380902565978669,0.6652183795875078,0.38515134741844936,0.6508990465162691,0.5242794726479832,0.3659213136253006,0.5555204474156246,0.45029322834853547,1.7841948319337209,0.9923901057640706,0.27160008207088115,0.6633588283119687,0.7852487088007447,0.6325084030192288,0.609783128382963,0.5671331243530634,0.6357767355913958,0.95096977539456,0.5045626037599051
66454,0.8084491346848529,0.9131064523226347,0.0889835438724523,0.45712760558652815,0.055964992022897654,0.5990738451418778,0.1928547537478727,0.25887506181724607,0.11797091977618998,0.575672410632437,0.5232770590828515,0.32299483366413195,0.23338713470336417,0.1628637023316679,0.7659831111437132,0.051749441326823485,0.16333263312907267,0.03504553157346846,0.826976131331281,0.4688431578510695,0.27829174960687614,0.8181238750801104,0.09590066675149791,0.8600210619669418,1.1558488466066947,0.8122930371310059,0.5514050189523214,0.37234878048409964,0.9607444309023836,0.44623415737588296,0.1494800746492911,0.1646992631059039,1.942164684853351,0.40237115116096167,0.11000649290523745,0.10893757805215493,0.10839779878587491,0.1000121865591725,0.29698422588606127,0.11868451660244396,0.04246095430711824,0.034937825978523136,0.03545289858654628,0.2027899611343105,0.0,0.567918962161402,0.9962857418204143,0.22387485067453491,0.207191589723237,0.20593625758141398,0.190920337061993,0.18874116782192907,0.1876210728182188,0.1993084878881751,0.4345175020894529,0.1664674269781398,0.2258316710192915,0.2095858726136121,0.12820951229833988,0.12712819290172991,0.09880639225608534,1.2879326352784066,0.23711352325497861,1.3679809809253816,1.3325292079391926,0.9287712088101278,1.1144469034652724,0.6566305448180988,1.0301015957717405,0.4249428151314574,0.28523863270311295,0.20771134139535558,0.19308196668092248,0.9295383278222035,0.8063913064743431,0.6642240404134186,1.2283522410751495,0.6249491079254448,0.4955374680772338,0.26627070638025263,0.021823219505137163,0.269797066551498,0.09665998368327004,0.14144431189395054,0.8053694048529503,0.18969515891918742,0.8019895795053533,0.6691891428576963,0.511563069046839,0.36863155388023966,0.5151469061038391,1.966258561551267,1.177378462937694,0.41368526968423347,0.849523246337642,0.9389250347042225,0.7982065667245057,0.7139105117198252,0.7515032005078839,0.5761691082540376,1.1033274691825687,0.5038886222261154
34713,0.3110483982580555,0.4362706511671395,0.615260806593293,0.17662742895678232,0.5972686488933755,0.360556110022215,0.6731254328290114,0.770856910424048,0.631400971364034,0.01686734082876567,0.4517186760376502,0.33251728059157537,0.6831944713510495,0.656181390112227,0.2767038202255332,0.5390500894675263,0.6563551784350892,0.5855966211345123,1.1422906160585182,0.5072320180088512,0.6557593589481858,1.354936279840135,0.5118553584406045,1.3492199595254666,1.3160752065085917,1.2814418442363547,0.41998556643552737,0.9037243268490296,1.2365154032732066,0.9370901256591443,0.6484181861871697,0.6688005614315583,2.4612958498520774,0.9143342764504625,0.6264247068853654,0.6272986470578201,0.626160881766795,0.6214802269647509,0.8236285220078353,0.6579740170059999,0.5899987157347056,0.5865090956272073,0.5855867498928915,0.7533986576504245,0.567918962161402,0.0,1.0165317184737575,0.6889025515488183,0.6818673715922156,0.6808857929942062,0.6728272913763935,0.6707084687405236,0.6702861203451362,0.6880064812696336,0.9271908565324675,0.6588489435753362,0.7189802834877791,0.7174667617372249,0.6368167203896392,0.6368257498684852,0.6206197071265954,0.9881834787041995,0.704890093316128,0.8729476596903571,0.8306156330163232,0.5962148523920515,0.7865811406695827,0.16274851135874793,0.7432005382902307,0.6999526931087126,0.6515051702712321,0.6821802633640072,0.674201029157888,1.2189816017942716,0.9055385462694264,0.11147173508230356,0.9885468172115308,0.7361379582469336,0.7064093951686504,0.8274002007406206,0.5558472364995813,0.7068395186253968,0.5113844342389363,0.48189135571374936,1.1232228805907394,0.4473318184183983,0.2827791862249916,0.7157396658446966,0.5149404105337018,0.2885646990789445,0.40401090685189406,1.5206758720960052,0.7378968389705453,0.6583081043464761,0.5095765392505021,0.455118253149352,0.46126322928038693,0.5032275662414332,0.5464939752663857,0.4867541658991388,0.5804619874066796,0.332079974554771
23467,0.7576455813719248,0.6415018283300613,0.9385574278172967,1.1224133084498626,0.9609607481378778,0.7157986218510275,0.8584319811643353,0.7776255827274823,0.9177856007980235,1.0079144356672392,0.5945735914391365,1.1966691648897532,0.8224471999624728,0.8832204410880952,0.7995887024263287,1.0254227065733457,0.8828327767594647,0.9744062610241945,0.7250541376757087,0.5332515024318735,0.7788600585308375,0.6736462490716753,1.0531308664695755,0.5288942550969248,0.34639143627081953,0.3946228334291365,0.6394631033769665,0.6516663010184911,0.2985576194187435,0.6012168858007596,0.8937756887459367,0.875950449883231,1.747083540340962,0.6342330921862368,0.9235129871427308,0.924641124600959,0.9247883849809265,0.9302752009304818,0.730310172677113,0.8993845674323554,0.9690667594731238,0.9746968527365492,0.9740432866682084,0.8067203804632972,0.9962857418204143,1.0165317184737575,0.0,0.8312002598200087,0.8457769855302278,0.8471660367729925,0.8596583460714897,0.8619087506567709,0.8628743947947083,0.8487113727661258,0.6121398963369475,0.879938008368831,0.820354719644315,0.8291509487953636,0.910125096591748,0.9110330907226808,0.9316259535817533,0.3834762155630542,0.8177214485783493,0.5832462960688527,0.5685649018318821,0.6537923886908534,0.706865883391381,0.9074680770142732,0.6538392085426789,0.6268665531587948,0.771707723457255,0.8453219789388383,0.8583218725914987,0.8224893639153403,0.6595876093505018,0.9184689162049932,0.3091782426232571,0.39870857278030064,0.5481643964356548,0.7468373507228886,1.0087829403869977,0.8661912856626216,1.0536319675960581,1.0809892290952674,0.7040097508741681,1.111273974907223,0.7840333841236424,0.8193009797100108,1.013087413557669,1.1887110014376878,1.059173846998736,1.0996303633093858,0.34358700962440514,0.8994559159945056,0.5737753371183774,0.6197142113669313,0.6220329310268448,0.5696805503384385,0.5257363283611965,0.5628441965642177,0.4721973696727296,1.0657095379685346
32951,0.7620963182423102,0.8104121829854575,0.14719046207618847,0.5982774670522522,0.17718983854351525,0.45802646380519974,0.03846400177214286,0.2569358602134935,0.11893643513796853,0.681176517465122,0.3675752225642107,0.4855593348490632,0.011824335415694264,0.07238828153617431,0.697855794474096,0.2646588370285771,0.07199499732765556,0.19568320498906494,1.0195963316904868,0.3018892327587782,0.0679157890803705,0.9239579305677633,0.3000199178967888,0.7514314552417999,0.9748807417867832,0.6028469778022474,0.4011986053649903,0.45534070517204717,0.7649015443919652,0.34591261037198384,0.08740465221497995,0.12686465267891597,1.9720291975450375,0.4003651749227074,0.12754299170178432,0.1276852029032022,0.1283155216456598,0.1401478881156058,0.35961800645705666,0.2346818552169721,0.19250879460613707,0.19518404623034025,0.19586263399277323,0.3651626309585844,0.22387485067453491,0.6889025515488183,0.8312002598200087,0.0,0.026203676948567328,0.022477791370712426,0.04664235151184434,0.04334651081753667,0.044350392375260325,0.08834885591190428,0.3428398142477401,0.07350122680091414,0.13637213363077638,0.18904736807108571,0.10896697831406543,0.10939393298521655,0.13793265173376432,1.1516382589046705,0.02025926064955057,1.3151843630117008,1.2978651751876606,1.0658229102906265,1.2518012940057637,0.6031534299395812,1.170148114439477,0.22922298209237824,0.07684258274803289,0.02560453402609716,0.037327354615953295,1.119328712414049,0.9770449659330877,0.7521624407713813,1.0873729683060755,0.4498203415649127,0.3082536291316647,0.4703403057829592,0.24061381119264494,0.4765024495188672,0.3006274689092973,0.3368637833990252,0.9982798124953131,0.3760399867997712,0.9280649771718369,0.8350502478221979,0.6736444815141611,0.5237943380851487,0.6678714679929716,1.840201528143804,1.0509158664382874,0.5987019667351106,0.7162064016353976,0.855705336426704,0.6646918968170384,0.5705409969310778,0.6076637554800295,0.4220476408105124,1.1215184146751356,0.6519990783510721
36792,0.7716436128044422,0.820418535592798,0.1284387652768652,0.5884089325153797,0.15919271513717884,0.47423085461619907,0.0169410455863131,0.23286677765723074,0.09971775940880889,0.690125684100767,0.38621626296033135,0.47334840826614,0.03689081091212117,0.0516867058010146,0.7075765700810086,0.2470803408486027,0.05119160830707405,0.17766151306630545,1.0002858267783885,0.3212619042100745,0.09147981926157091,0.9010482811781622,0.28417670521587907,0.7261521997091955,0.991211075058312,0.6080565050569983,0.41852181923120024,0.43218151068583827,0.7828706324924256,0.3207113967651961,0.06651350474089633,0.10239172561838361,1.9484233977286096,0.3762973866818646,0.10776278144314905,0.1089504023769812,0.10937411379019689,0.11766331702420155,0.3362456208400406,0.21186343527869828,0.17100636121647456,0.1778964916683311,0.1772699960656901,0.3427932204745968,0.207191589723237,0.6818673715922156,0.8457769855302278,0.026203676948567328,0.0,0.0037641615582298896,0.020901738799736797,0.02184963618888785,0.023151893732294843,0.06301711171179457,0.317741792605113,0.04838538613736598,0.11129854673578533,0.16477041292327949,0.08914766662828064,0.09025564208749269,0.11887908948356633,1.1630958477550817,0.033623586139521905,1.3247908408178,1.3073275041754198,1.051120519157657,1.2370803851770609,0.6175968228528013,1.1552070955043943,0.2471752372630203,0.10131863396748914,0.0006494206760419873,0.016546365071109032,1.1002544402310015,0.9595463573893425,0.7607178362882281,1.0993343634897823,0.4654998498885223,0.32526199636506997,0.44837499817375237,0.22427795638848527,0.4560280517733119,0.2848395471731392,0.321428775468716,0.9789540474248188,0.36158629252734725,0.9142861023191844,0.8179353426239084,0.6568422721517162,0.5081665915214421,0.6518563883323223,1.8506012320991383,1.0613104534929536,0.5800015823259742,0.7273298429224517,0.8655449064294306,0.6758458235676632,0.582747660250018,0.6199264560114233,0.43542788722904896,1.130570976884958,0.6363605053462275
28659,0.7733112533415234,0.8220590254015248,0.12737034993012042,0.5867536140165547,0.15801012952439747,0.47152155012121083,0.01633291818249538,0.23650466492488664,0.09861054234400567,0.6883964493264292,0.3829117693671424,0.4719201413002446,0.03369223009865157,0.05100044542312282,0.709234691586019,0.2471289963663738,0.050597501009806374,0.17682708305475803,1.0036312757384056,0.3180469346874213,0.08860130411946521,0.9046017903290563,0.2831696088378787,0.7298399192484827,0.9924913340320942,0.609060916133954,0.4156335770187615,0.43576385399515194,0.7840627643666284,0.3244142388070557,0.06632268665957924,0.10605392784445898,1.9519330705409859,0.3799334270216833,0.10730739080213984,0.10781575772670092,0.10824942603159705,0.12014736041811447,0.33984178133679854,0.21541218313520263,0.1735644854200763,0.17669269978923277,0.17700889404596915,0.34633083584447916,0.20593625758141398,0.6808857929942062,0.8471660367729925,0.022477791370712426,0.0037641615582298896,0.0,0.02463861823361203,0.021329709565904513,0.0223584371116314,0.06672968181041457,0.32143867945738136,0.052085465701345215,0.11499568028988899,0.16842091163800973,0.08835420706323469,0.08916075118269465,0.11791344506391883,1.1646579986473984,0.03463719839436468,1.3264569060945524,1.3090029173369022,1.054202982896335,1.240157924278965,0.6145181598594349,1.1582839214974279,0.24836347923838575,0.09769870043534466,0.003147401954676098,0.015548214812401956,1.1035823252812638,0.962776191973419,0.7624451078161382,1.1008690292810965,0.46681675935413053,0.3265198417170094,0.4518718655096925,0.22301429095596872,0.4594541164955791,0.283788794145173,0.3206746585579071,0.9822851718696016,0.36055820231063385,0.9173185744394212,0.8211612531809336,0.6600508878607655,0.5107434124446236,0.655005231997985,1.8521879212586736,1.0629390516137929,0.5833230615524316,0.728922773190244,0.8672084460361945,0.677421532536881,0.5842794769810732,0.6214501882349699,0.4368847900423186,1.1322768302874426,0.6395034999657557
37185,0.7813442097880272,0.83050361419476,0.11071921681951664,0.5781495629852761,0.14205869157684212,0.48706349199731985,0.008405772360300235,0.2134720679746411,0.0814441017517807,0.6812098499980415,0.40037744971144884,0.4614530186682483,0.05709671053528241,0.032501588302871906,0.7174230211873485,0.23153649468934887,0.031973456718844655,0.1608703043655652,0.9850704829061623,0.33644696879742914,0.11066286842711977,0.8826512573588389,0.2692557208188252,0.7056721506555979,1.0065485984863105,0.627516209548597,0.4321825909916133,0.41356903016069746,0.7995843181377222,0.3002871308352325,0.04762490414884788,0.08262767339265555,1.9293385896288362,0.35689786165400744,0.08966960432340873,0.09086108105495037,0.09130397212509384,0.09978646125892515,0.3174678633065652,0.19357747457111635,0.15410041121248344,0.16106751385850548,0.16047691148390686,0.32491016208971574,0.190920337061993,0.6728272913763935,0.8596583460714897,0.04664235151184434,0.020901738799736797,0.02463861823361203,0.0,0.0033216852685645326,0.0033964870092477806,0.042508196872745055,0.2974256817768282,0.028875848794575516,0.09101873031119309,0.1451929223827474,0.070690769980657,0.07181441135668556,0.100992533903334,1.1743660286340316,0.053031322265541136,1.3345079732329614,1.3169244582780764,1.0399815196144169,1.225909086687801,0.6284501123036862,1.1438668322260674,0.2638977456214039,0.12032784452826116,0.021506594715955688,0.010014511320896183,1.0852448535313324,0.9459559936964888,0.7618908025593238,1.1110427701255876,0.4803289633171134,0.34118722475405444,0.4308434329645706,0.20831769557765745,0.4397936884443847,0.2699308011965641,0.3071440149180136,0.9637484320417046,0.34794871853793785,0.903954957772872,0.8046680277419864,0.6438764091525145,0.4968070068258319,0.6395784851544496,1.8609593779462186,1.071694035801417,0.5653339465470063,0.7383285040094283,0.8754947367065249,0.6868933775510532,0.5946537398434001,0.631904898178838,0.44833856799106747,1.1398504025114073,0.6244015126384818
69728,0.7836927160282846,0.8328394766648115,0.10860459058969249,0.5757850558494438,0.1399126583296247,0.48400693297582426,0.005087153023984543,0.2167240158582275,0.07935303047956098,0.6788107180490611,0.3972701712414965,0.45913888707215383,0.0538428580950195,0.03041428119947087,0.7197676173100785,0.23019347758130676,0.029916036863995826,0.15870719223502291,0.9882007143681352,0.3333091849824973,0.10767301132713858,0.8858705061811722,0.26704980356986924,0.7089277870531724,1.0087447626102901,0.6295961122551953,0.42909037059125166,0.4168168899235399,0.8017375920787672,0.3035913431954287,0.04592371224893548,0.08590270702184126,1.9324825769129028,0.36015229344047506,0.08772917211769465,0.08873807543175238,0.08918263415207402,0.10078700616682985,0.32070030390962506,0.19678183978728064,0.15523417531528821,0.15894191138757963,0.15877535949719154,0.32811021178127475,0.18874116782192907,0.6707084687405236,0.8619087506567709,0.04334651081753667,0.02184963618888785,0.021329709565904513,0.0033216852685645326,0.0,0.0013320672615498438,0.04578866034043067,0.3007107960856185,0.03134322424690626,0.09429185039558727,0.14844962468796716,0.0685894628044914,0.06971085333873166,0.09886326184244676,1.1766889790205686,0.055089030212780804,1.3368753775591686,1.319296798323364,1.0429837912837707,1.2289162584527678,0.6254424515615873,1.146845727029585,0.2660355736170967,0.11708438032065638,0.022479550073145164,0.006705838053042302,1.0883643202848563,0.949005757139582,0.7648372853328103,1.1133390258810596,0.48252261682060393,0.3433740215136328,0.43402246200560707,0.20613227858405928,0.44297001005784536,0.26772323426878764,0.30504306237300294,0.9668429570629445,0.34570399087636033,0.9069433452820495,0.8077452634831318,0.6469211189561984,0.49813933033385194,0.6425970990930108,1.8632668353104098,1.0740504610766581,0.5684614696533403,0.740673579566345,0.877839456256033,0.6892012571541469,0.5969724446815705,0.6341873450162269,0.45059116042940556,1.1422198719296939,0.6274370848294244
37843,0.7844249303388776,0.8335936596946134,0.10739303996780224,0.575017618228882,0.13873536888480428,0.48485529915969494,0.006327530228268839,0.21575760570453992,0.07810928398219032,0.6781152154721017,0.3979155241411157,0.45827559896852615,0.05510642609348061,0.029271283382651753,0.7205082235284832,0.2293951620141033,0.028853113302023593,0.15772826413391267,0.9874802364745493,0.33401280525625016,0.10888432129790497,0.884962569044147,0.2661097196392566,0.7079031731559674,1.0097929669947594,0.6308800772735254,0.42986808001230176,0.41589768743199423,0.8028643418888526,0.30256559407997113,0.044928775606248146,0.08491528255615038,1.9315279353936228,0.35918573278240984,0.08678102489072552,0.08751110711303373,0.08795453331686595,0.09984465309464785,0.3197701449276856,0.1958873478518684,0.15435015783163236,0.15778371714725523,0.15790364724567557,0.3272323620767629,0.1876210728182188,0.6702861203451362,0.8628743947947083,0.044350392375260325,0.023151893732294843,0.0223584371116314,0.0033964870092477806,0.0013320672615498438,0.0,0.044756353532348546,0.2996904554116004,0.03032221682013229,0.09327301784114413,0.14747241106767967,0.0674198341677253,0.06845617809199134,0.09764821783398737,1.177504810651053,0.056375989462159264,1.3376020778818765,1.320016694206923,1.042502163242944,1.2284329443263242,0.6258983795388123,1.1463580359559846,0.2671695234514375,0.11799976664481637,0.023788175757406105,0.007744790889764316,1.0876556311673962,0.948386318049966,0.7644333048711645,1.1141791620128614,0.48354833760595334,0.34445639644212084,0.43317217543083936,0.20502710055708015,0.44219066087413084,0.2667408613988007,0.3043186728615489,0.9661284379301899,0.34490367775269354,0.9065096894628453,0.80713952327375,0.6463333095335245,0.49757980318440775,0.6420551891357729,1.8640276559674431,1.0748159420433758,0.5677740491145582,0.7414747598108014,0.878580452254105,0.6900106484619102,0.5978256466924193,0.6350473348596735,0.4515072583382752,1.142920872308501,0.6269079509618053
49817,0.7665496492718735,0.816060400828817,0.11777734814910641,0.5921396392204519,0.149640004227513,0.5220314053713215,0.05078254869508271,0.17202573510087574,0.08799623185637502,0.6964466839827281,0.4365261924251857,0.4739222847120358,0.09863049878480358,0.038161991988365125,0.702754649340295,0.24060436402132576,0.03764945080526591,0.16877229536320423,0.9477044488737658,0.37350460864294044,0.15126045879791994,0.842339037559864,0.27892022231332897,0.6633321954329862,0.9969832436718346,0.6215312116860024,0.46788676042146515,0.37291970537418795,0.7911677030532203,0.2579377034201337,0.05356324570417178,0.040852626562834796,1.8892788329327466,0.3154733723114539,0.09635312615172166,0.09754820437229252,0.09800906193715021,0.10667255309516781,0.27660709654762217,0.15315198897793275,0.1619414646209691,0.16899196986350315,0.16837715066274184,0.284871457227337,0.1993084878881751,0.6880064812696336,0.8487113727661258,0.08834885591190428,0.06301711171179457,0.06672968181041457,0.042508196872745055,0.04578866034043067,0.044756353532348546,0.0,0.2551446387776097,0.03454153673353035,0.048726013203856604,0.10356923982665278,0.07703948442553611,0.07817426712176573,0.1078695288648307,1.161150784465876,0.06830487556327011,1.3199297255309586,1.3022277038070669,1.0063117213246815,1.1922932117846206,0.6616555140729297,1.1100117229711737,0.25533469272068937,0.16077586162008645,0.06361083820796776,0.052375308145621795,1.0481089341939562,0.9099950235014689,0.7292565610334832,1.0981745205032745,0.47009738098862797,0.3319549903675048,0.39113987022495,0.21699651005110518,0.40135164325113654,0.2796041888455904,0.31738719839902935,0.9263256509003436,0.35881198852982493,0.8710054667612293,0.7690129746444297,0.6084233327979844,0.5097875619991528,0.6047601384903383,1.8473061520325418,1.0576310953217913,0.5283573423055833,0.7247523288320173,0.8609361265021627,0.6732990224109495,0.5818771546889726,0.6191395258491755,0.4363948120208004,1.1247579545913056,0.5899156879099429
27426,0.7599138347800526,0.6538507310795025,0.3521791457978745,0.8306546356336261,0.3843720842254263,0.7726939675508658,0.30565356398726323,0.18114616383367882,0.32209363112165024,0.9356953391952879,0.6878608872607928,0.7115420793566294,0.3530005226388514,0.27175622367033375,0.8058147595443594,0.47621659035106195,0.2712250935686767,0.4036943885952885,0.6962259249270277,0.6253567187990613,0.4051233520272485,0.5894041788010221,0.514872102364779,0.4279897922338225,0.7618831918033925,0.3879631388128411,0.7189686781847343,0.11875140362561996,0.556301568301263,0.012455093417217119,0.2873225009398694,0.27363271673127093,1.6442436255802015,0.06084838796856711,0.33055386975954326,0.33175013967764416,0.332222192265922,0.3409946925554748,0.14423584645457652,0.3218563193274538,0.3968012906336449,0.4038954304852459,0.4032984790551297,0.2359215900024804,0.4345175020894529,0.9271908565324675,0.6121398963369475,0.3428398142477401,0.317741792605113,0.32143867945738136,0.2974256817768282,0.3007107960856185,0.2996904554116004,0.2551446387776097,0.0,0.2695565045963202,0.20892073460302077,0.2296557398494171,0.31103668177676413,0.3121805943312575,0.3421846445245798,0.9236735250919212,0.32284801887991765,1.081832089193337,1.0639738615742553,0.7564739725674302,0.9429246545711985,0.9113125831699818,0.8603491417793077,0.3905515660420279,0.4145497801813174,0.31832957286043195,0.30723348399848666,0.7970656263601422,0.6589939804270015,0.8643065002681094,0.8608007094709742,0.38722236599142845,0.3990164157815404,0.18195171945479,0.4523778040010088,0.32441980303992574,0.5155633879475225,0.5536936502950007,0.6747827982045914,0.5954706887518694,0.6604410240552075,0.517871524303298,0.5282114691842679,0.7476998295154651,0.641103904372315,1.6127157537690067,0.8192406632382809,0.3849573526833613,0.6113995564250716,0.6284361973239921,0.6602227024643249,0.6320110112003607,0.5891196823511974,0.6520178312818548,0.8857643750172339,0.6926799793665498
28935,0.7959611929331531,0.8456454108372399,0.08418197881505676,0.5623822866078533,0.11635359710055858,0.5036091349931887,0.036289420941720926,0.1869345813806932,0.05411100690537762,0.6673735268008155,0.41873178411441175,0.4433292475882064,0.08366472372926718,0.0038141823745158083,0.7322395167060827,0.20813823272315798,0.0032727784955966185,0.13566291944348283,0.9645063897496047,0.3561930253364511,0.13582591393786406,0.8575810510417843,0.24677082592025873,0.6950831526875598,1.0288146076372497,0.6554015440330383,0.4498560405461125,0.38813215009858837,0.8237629157239048,0.2805211554352235,0.019369105634262283,0.05556979477663683,1.903184152274456,0.3303590856118334,0.06257083795605156,0.0637679206863904,0.06423869642899327,0.0730021608355064,0.29182746807349474,0.16864197528774238,0.12876108072588807,0.1358185204464976,0.13526680366499833,0.30056145105693155,0.1664674269781398,0.6588489435753362,0.879938008368831,0.07350122680091414,0.04838538613736598,0.052085465701345215,0.028875848794575516,0.03134322424690626,0.03032221682013229,0.03454153673353035,0.2695565045963202,0.0,0.06318407252233993,0.118387787142029,0.04306731693904316,0.044211093356296804,0.07419413478623477,1.1910283407404045,0.08082790503257943,1.3491032995329089,1.331424672158314,1.0253993280926041,1.2112641759734386,0.6422948587461383,1.128966852853885,0.28806479735099394,0.14525866573128504,0.04897356084601669,0.037870618592097685,1.0649591711048405,0.927814412057668,0.7490333467370734,1.1284132574075378,0.5019291991376544,0.36429906312836435,0.4070020401057008,0.18431580574145476,0.4177262276016913,0.24746172683694495,0.285568907405545,0.9432707317238117,0.32732177947477303,0.8905451067302734,0.7870317652192973,0.626639692258654,0.4794650674486169,0.623333609124582,1.8763397098939203,1.0872711506364119,0.5456814923068871,0.75475180652521,0.8904515215375471,0.7033492678846307,0.6122967172882644,0.6496295863990986,0.4673327084011174,1.1538997957891848,0.6086443088779853
33207,0.7357128178449215,0.7854526633287243,0.14341348633859383,0.6223523057203887,0.175630287196056,0.5657886567033258,0.09922883263995295,0.12385670720433666,0.11329342298015956,0.7274777885678035,0.4810328410365139,0.5031352645016395,0.1465338555237705,0.06402309155288857,0.6719961922574716,0.26757626459656786,0.0644734760280942,0.1949744404851604,0.9023133631947368,0.4185875390632478,0.19858343765014339,0.7950367800048054,0.30628066115919533,0.6361650990895782,0.969577869388842,0.5963343335106585,0.5121113718847166,0.32527521767631856,0.7644481616847613,0.22136546648308986,0.07846722465566441,0.0647843629512867,1.8428966035597663,0.26732706798926764,0.121749995090317,0.12294741762528266,0.1234201769360229,0.1322034119166465,0.22882911266400702,0.11306625135319699,0.18808766836807167,0.19518927859598553,0.19457814928906106,0.23763751129049043,0.2258316710192915,0.7189802834877791,0.820354719644315,0.13637213363077638,0.11129854673578533,0.11499568028988899,0.09101873031119309,0.09429185039558727,0.09327301784114413,0.048726013203856604,0.20892073460302077,0.06318407252233993,0.0,0.05528248136257949,0.10221300028011313,0.10335634304462943,0.1333943096383814,1.131398242828452,0.11637026192305805,1.2893278619292865,1.2715408454510218,0.9632994789613353,1.1493586285084403,0.7042925852428492,1.0669194142209064,0.2284480729471052,0.20800302350294209,0.11188524292650331,0.10081034471436905,1.0029010227635857,0.8655071653161328,0.686895417141274,1.0686408519839063,0.4421592516905547,0.3046341356743755,0.34413451646264215,0.24371160114879717,0.3551538816591644,0.3069713533405876,0.34513425597582453,0.8809101372199397,0.3869621152611567,0.8284307130236402,0.7246749334262139,0.5642142959177042,0.5393325677335288,0.5609656547176636,1.8175992271592512,1.0272913462288533,0.4831280777463359,0.6946747025628454,0.8302586657433882,0.6432254102342223,0.5523026873099144,0.5895928953742239,0.4451455837602316,1.0937731391946117,0.5463260918633129
37748,0.737054495074824,0.7874801626910068,0.12420573487314664,0.6183358981937502,0.15760936452465296,0.6052171756534487,0.15321088880943692,0.06895596595923605,0.09295469930312392,0.7261590689252257,0.5227976628407337,0.49581590252603636,0.19883235331466592,0.11928348471653676,0.6735954434135343,0.2528233321526824,0.11971058795894053,0.17765944659401067,0.8561193383503156,0.4621461063175491,0.24909254098628897,0.7423301333712745,0.2928133075876502,0.6566385187022241,0.9809731947613778,0.6148269056731264,0.5529973900139129,0.2720471873527073,0.7781876196548358,0.2419241418869498,0.10356237895073307,0.06310433033462155,1.7893612435233666,0.21243406342490206,0.101749943870477,0.10295530209877204,0.10346771395764845,0.11265029096652197,0.17520670089413762,0.09495066932245298,0.17058008848938544,0.1778522197624007,0.17725930399940518,0.18584935024766353,0.2095858726136121,0.7174667617372249,0.8291509487953636,0.18904736807108571,0.16477041292327949,0.16842091163800973,0.1451929223827474,0.14844962468796716,0.14747241106767967,0.10356923982665278,0.2296557398494171,0.118387787142029,0.05528248136257949,0.0,0.08146363478366613,0.08263742591357412,0.11382110123113995,1.1356379191096744,0.16917429006054402,1.2908319552159988,1.2728244734088496,0.9252943260484904,1.1113491107648799,0.7402209552406797,1.0285003779518604,0.24210643304959215,0.2582127170536544,0.1653362047474258,0.15475509292228715,0.9571505637890267,0.8225325543696199,0.6549193917301138,1.0736175524916878,0.45252604110545575,0.3169341708663681,0.2930725713005074,0.22810447811999612,0.30680446482063495,0.2935263489391224,0.33295693334654314,0.8346757697062174,0.3761162067180803,0.7920371073622327,0.6823754924552993,0.5224640757078968,0.5331048664866687,0.5206045771839339,1.8204695063270626,1.0299278184779708,0.4379790363298192,0.6983642948788937,0.8320490378444396,0.6469520426347497,0.5575896065214678,0.5949616206828977,0.48665682481570416,1.0875671756949612,0.5066422674535
40663,0.8181203254196182,0.868533030824887,0.04277431156484372,0.5371954657882689,0.07619857872674998,0.5250977571429951,0.07326166139112678,0.14896023279758064,0.011501351305620645,0.6450704349515068,0.442517335120989,0.4146118503640017,0.11895132277944476,0.03931466283752736,0.7546762517463077,0.1725275426150428,0.03982956003915918,0.09634817770250077,0.9358751701654268,0.3818987110786765,0.16943400308960407,0.821839636127513,0.21151445520801895,0.7376176134426456,1.06169583034133,0.6958941451095787,0.4727760016796073,0.35202428842586697,0.8591342328110682,0.3232980504454787,0.02413023063630902,0.03773160290997856,1.8658520425193788,0.2923859983938926,0.020676405320076783,0.021506362004570363,0.02201949238698887,0.034526029448569716,0.25521534262673307,0.13309606774608687,0.09263735383684485,0.09645708773078711,0.09651676426692306,0.26590444538731955,0.12820951229833988,0.6368167203896392,0.910125096591748,0.10896697831406543,0.08914766662828064,0.08835420706323469,0.070690769980657,0.0685894628044914,0.0674198341677253,0.07703948442553611,0.31103668177676413,0.04306731693904316,0.10221300028011313,0.08146363478366613,0.0,0.001174380668642354,0.03238021992868431,1.21635653396354,0.12114264623471696,1.3714329167909067,1.353459128661154,1.0054551338925284,1.1913064904743143,0.6598331480018205,1.1085293047934035,0.3234104779532545,0.17808729817271712,0.08974526649637732,0.07469795201500264,1.0367876498198034,0.9025183261321927,0.7316530438426265,1.1543945571167027,0.5337465697864704,0.3982111718045415,0.373112733654641,0.14674044638585418,0.38692423097649525,0.2122064651539332,0.2519918699834955,0.9144553486122534,0.2949323770042697,0.8723612601092327,0.7625206865725167,0.6027080318257885,0.45576630511638616,0.6008897488799192,1.8999060795611789,1.1108091545170113,0.5181491010022793,0.779459507088039,0.9130817335782913,0.7280609490425828,0.6387364863594479,0.6760984752620485,0.49555727589088544,1.1677601645076727,0.5869478494418573
36131,0.8188814674984561,0.8693074891426543,0.0421914086439256,0.5363674649670143,0.07553111265601399,0.525929816419038,0.07437961422808045,0.14857783354689116,0.010744638681230309,0.6442980608676709,0.4427514962362603,0.41431663819979464,0.12003825382743985,0.04045761758904798,0.755442586600357,0.17226072119752134,0.04097399091271584,0.09602810731096002,0.935669807772193,0.3826618899752385,0.1704839448628022,0.8214978685145141,0.2112762629816847,0.7387508708972097,1.0626522120341333,0.696991688173193,0.4736368020666996,0.35167614950796267,0.8601383027891663,0.32443847989446095,0.02528475522044644,0.03889807023185904,1.8654650804222004,0.2920032566732883,0.020300449928443914,0.020347092046484005,0.021204491430408794,0.03415938069787842,0.2548593675067476,0.13275930032619357,0.09231521487559384,0.095355016589413,0.09619661357755244,0.265585304097547,0.12712819290172991,0.6368257498684852,0.9110330907226808,0.10939393298521655,0.09025564208749269,0.08916075118269465,0.07181441135668556,0.06971085333873166,0.06845617809199134,0.07817426712176573,0.3121805943312575,0.044211093356296804,0.10335634304462943,0.08263742591357412,0.001174380668642354,0.0,0.031895095360228824,1.2171731489803332,0.12223753346930935,1.3721948753879527,1.3542170727413823,1.0054214596375959,1.191270827440165,0.6601989715167397,1.108484016747747,0.3244143541453231,0.17834888559165327,0.09085282570716144,0.07503246678514289,1.03659029576641,0.9023793056895091,0.7316681910280239,1.1552261255232783,0.5346855581284538,0.3991902644198161,0.3728079384539467,0.1457045978890345,0.3866779618743194,0.21194727155875157,0.25177850358110065,0.9142474629276816,0.29474855043242054,0.8723620626589634,0.7623989241642203,0.6025965495501584,0.4556780518737009,0.6008071218978019,1.9006842097629908,1.1115958699026356,0.5179690967444345,0.7802688192803681,0.9138513570565385,0.7288692059062234,0.6395775320337731,0.6769391138490141,0.4964303671007586,1.1677919816307223,0.5868812006463249
41893,0.8335630886302212,0.8845323314997922,0.010750938206981385,0.5186474261124897,0.04522891122265128,0.5434628826079863,0.10338056201848612,0.1621784684085885,0.021384853377425118,0.6289180387795285,0.4626630297858752,0.3931503704737722,0.14774797283402688,0.07047389615542533,0.7703305647504544,0.1445749540606278,0.0709831879458561,0.06610825828877218,0.9106063517814482,0.4035131960989326,0.19677604025325873,0.7907386564025485,0.18473713245132792,0.7684773338658766,1.0852511169972305,0.72520101369392,0.4923375869304205,0.320542014552599,0.8846116934184922,0.35430419804041907,0.055747566068174194,0.06978796340602275,1.8438718487008292,0.3056784888981394,0.012318283277193741,0.012581179501597302,0.010908904843641765,0.002302747414635086,0.22338625260411038,0.10213822410523216,0.062253814900434336,0.06610805263812847,0.0662820699237067,0.2357143073184488,0.09880639225608534,0.6206197071265954,0.9316259535817533,0.13793265173376432,0.11887908948356633,0.11791344506391883,0.100992533903334,0.09886326184244676,0.09764821783398737,0.1078695288648307,0.3421846445245798,0.07419413478623477,0.1333943096383814,0.11382110123113995,0.03238021992868431,0.031895095360228824,0.0,1.2341277631966354,0.15033019647075152,1.3869617382348305,1.3688141052069978,0.9874798142792683,1.1732914127943936,0.6752265945686756,1.0901384743601763,0.3488497148009812,0.20508317224294212,0.11944744733854216,0.10469398037264586,1.0118901038732795,0.8801152621047361,0.715779123896163,1.1727731482265285,0.5565244850067899,0.42258287352018264,0.3435424862693552,0.11792498576185845,0.3598076762601418,0.18542758516646904,0.22633352583145333,0.8891261530798479,0.27048697083197093,0.8558271518414405,0.7407634242658667,0.5814419976863561,0.4354133284879755,0.5808345377480234,1.9163493709126316,1.12730519286998,0.4938779621502323,0.7968446638924025,0.9289044777948168,0.7454494340374627,0.6574249156543018,0.6948400770237714,0.5156271128891408,1.1525864043869798,0.5675206671365818
20253,0.705229328208195,0.5797456801268953,1.2398692315885524,1.1163647136472616,1.25845043121451,0.7125970482130203,1.1738485731619552,1.0830160318693944,1.2227091807836266,0.9774494196182054,0.8378023201095847,1.2324219167781851,1.144412952625749,1.1941965586132561,0.7434998251748421,1.3120652380382034,1.193867726895128,1.2695877673789546,0.6832975041630605,0.9128957917160532,1.1089326666056325,0.6817186641055345,1.3353687799651663,0.5507414301204103,0.41537545568565143,0.5618894417269612,0.7946185056537403,0.9519612836426885,0.4339020579551889,0.9133504571034139,1.2028363497051435,1.18346046271838,1.7628987635798243,0.9398380593728688,1.227378275353782,1.2284787959002363,1.22850107653403,1.2327167905712957,1.0317418094713748,1.1973156461229224,1.2648658055988415,1.2699310501645535,1.2692381167616535,1.1021299591494838,1.2879326352784066,0.9881834787041995,0.3834762155630542,1.1516382589046705,1.1630958477550817,1.1646579986473984,1.1743660286340316,1.1766889790205686,1.177504810651053,1.161150784465876,0.9236735250919212,1.1910283407404045,1.131398242828452,1.1356379191096744,1.21635653396354,1.2171731489803332,1.2341277631966354,0.0,1.1376792074163171,0.23911160499043546,0.22735161628636502,0.6447294711699605,0.4584549059306971,0.8535864561792741,0.5437365102554389,0.969944073177034,1.1032490332375906,1.1627216996937981,1.173865244074168,0.7630065978947249,0.7363306899327184,0.885880918643796,0.08312040322272107,0.7661758196074228,0.9001928478164415,1.0399923866036453,1.2982992707073735,1.1500262732446849,1.3357929983739614,1.3467394694369375,0.6890831957893374,1.320039722397148,0.7601967917629793,0.8820794146879499,1.0453265641112293,1.196278554771002,1.0650219647992987,0.740674919176971,0.27389488506856996,1.0999087512454708,0.48810303904144003,0.5613541391348899,0.5357841227405092,0.6082791095997052,0.5727285292136259,0.7811609506621069,0.43015434408320313,1.0675261098647584
36108,0.7477349250766065,0.7961327097081042,0.15972717353990037,0.612616507655244,0.18993799795142707,0.4759036697658502,0.050274855723412615,0.23709877735984194,0.13152397914140185,0.6993398015677103,0.386563095780344,0.49911481484190084,0.031170331437263173,0.08436694986592637,0.683520291554543,0.27631283635483617,0.08388615245220767,0.2080759528689517,1.000615728533571,0.32058555998261495,0.0867970728473073,0.904421722399346,0.3128184584208137,0.7314933548299684,0.9617543612508196,0.5826779575903802,0.41936833630667636,0.43566406264663576,0.7520094039322749,0.32590505754980653,0.0989119857995317,0.10695898024155101,1.9529862653846382,0.38054058760499543,0.13940931433162623,0.14059328535764026,0.1410009018220836,0.1491119626406852,0.33989813331148083,0.21504268313212882,0.2015141687083808,0.2083258135821383,0.20768621317195268,0.34560120359098895,0.23711352325497861,0.704890093316128,0.8177214485783493,0.02025926064955057,0.033623586139521905,0.03463719839436468,0.053031322265541136,0.055089030212780804,0.056375989462159264,0.06830487556327011,0.32284801887991765,0.08082790503257943,0.11637026192305805,0.16917429006054402,0.12114264623471696,0.12223753346930935,0.15033019647075152,1.1376792074163171,0.0,1.300933337341142,1.2835825567986014,1.0475352141615055,1.2335531630137893,0.621241343689815,1.1518468670626685,0.21624915469990869,0.09681567622327857,0.032990733563303794,0.049906501114984424,1.100412475053066,0.9583210082467423,0.7376337953264224,1.0734879262112604,0.4364759340122906,0.2951252336360793,0.4508503061629795,0.2539083292199472,0.4572476011866264,0.3134709338770795,0.3494666598028682,0.9792906775745589,0.38900876421568337,0.909897948470014,0.8163581988148869,0.6549823717654076,0.5334238458232912,0.6493327451320509,1.8263232134216458,1.036741086857148,0.5797361275940549,0.7021098707497231,0.8414020864500795,0.6505961607046125,0.5566180531163806,0.5937516332481005,0.4083155757921201,1.1071187116823265,0.633520291309136
23613,0.5640171902362152,0.5290330846830157,1.391986049627863,1.0243860174506834,1.3941557990649176,0.9427963750492871,1.3344137391234197,1.2375298919282889,1.3770002184200467,0.8599764503837161,1.0473276315306161,1.1598103666715152,1.3088629997329284,1.3521141623246598,0.6293486625430155,1.3415662851980674,1.3518204605356245,1.3836958774422103,0.6117841503070516,1.1106006347044373,1.2781593018770656,0.7292412492592037,1.3179683788969219,0.6587239172999679,0.5049110241961784,0.7251059457610072,1.0110821346501104,1.1033645291445577,0.6108529317164321,1.0718658461675727,1.3596083411124738,1.339290960944722,1.820327329697916,1.094442334478784,1.3810328511270336,1.3821172372314177,1.3820640515599665,1.3855136547350184,1.183850684319091,1.3359514225698046,1.384765987016082,1.3845512552978316,1.3834664579782792,1.2154123859743267,1.3679809809253816,0.8729476596903571,0.5832462960688527,1.3151843630117008,1.3247908408178,1.3264569060945524,1.3345079732329614,1.3368753775591686,1.3376020778818765,1.3199297255309586,1.081832089193337,1.3491032995329089,1.2893278619292865,1.2908319552159988,1.3714329167909067,1.3721948753879527,1.3869617382348305,0.23911160499043546,1.300933337341142,0.0,0.044968596645855584,0.549252036649175,0.3633716454016592,0.7123965958128693,0.4517209177388302,1.146726815620756,1.2733375708685486,1.3244647090769512,1.3345061303077899,0.6086975108241146,0.6691745183449447,0.766044439864406,0.313759613026539,0.9569338121933444,1.0821388012087065,1.1305651190993329,1.357172301633323,1.146981786998546,1.3175522259307038,1.2913600517449615,0.6329826298419978,1.2607806752861563,0.649421878558951,0.8119085708149543,0.9725291370717003,1.1182015349568222,0.9850432008246992,0.6675995483181187,0.30634104151389824,1.0401958266114224,0.6668138253982838,0.47498346333261954,0.7188484180947837,0.8348142139438387,0.7985509248334371,0.992645806000298,0.2999213670852226,0.9834818030520193
26388,0.542591480466123,0.5196011292370413,1.3737827823852553,0.9844035699698379,1.3590098048010992,0.930508668983327,1.3168644287378521,1.2194419281683728,1.3589656695096666,0.8174172543937748,1.0335006944389813,1.1217583618896916,1.2916131957728276,1.3343602920289022,0.6205505461330661,1.305820015594162,1.334069282861101,1.348433142727491,0.5752141924752192,1.0958850518459213,1.261276677324082,0.747521565770371,1.2819355983808003,0.6484422062862141,0.5427515708302185,0.7075761279808792,0.9977736797839406,1.073806947591922,0.5943679043233158,1.054046982370798,1.3417656923863293,1.3213605177632606,1.8551451914461377,1.0763049598206136,1.362948739687771,1.3640324272940287,1.3639730651735633,1.3673621766305748,1.164785236720321,1.3007924016796726,1.3495339544252263,1.3493127182225586,1.3482042380377577,1.1800710510991637,1.3325292079391926,0.8306156330163232,0.5685649018318821,1.2978651751876606,1.3073275041754198,1.3090029173369022,1.3169244582780764,1.319296798323364,1.320016694206923,1.3022277038070669,1.0639738615742553,1.331424672158314,1.2715408454510218,1.2728244734088496,1.353459128661154,1.3542170727413823,1.3688141052069978,0.22735161628636502,1.2835825567986014,0.044968596645855584,0.0,0.5087397879762173,0.3228954292013344,0.7039019109959086,0.41153742918276853,1.130377763824026,1.2565214471284767,1.307005067493978,1.3169630126174128,0.625563465350296,0.6314706773208378,0.7232005469555228,0.30131079123489624,0.9415991639588521,1.066167368234223,1.0950699788740053,1.3215991227541348,1.1110268612643994,1.281514190999275,1.255005857635092,0.5963558459833359,1.2240459635969982,0.6074225507258931,0.7739411528384084,0.9343649474121374,1.0796058408766893,0.9461918833774231,0.7109433041778547,0.296125244827145,1.0033100721134562,0.6555079646790027,0.46586553518085805,0.7075282151296033,0.8222052833687775,0.7858564303405252,0.9789411963741682,0.2558729399848787,0.9442414323024255
36868,0.577663801892838,0.5413236694000397,0.9815256731177237,0.4848689227820102,0.9615227097936921,0.9121441890289024,1.045649705296032,0.8611315516128613,0.9994310527629987,0.6108839130370198,0.9935006273617318,0.6636989927185338,1.0711218905859294,1.02690797610615,0.6505539386111312,0.896010547828381,1.0271122171077338,0.9485577498843872,0.5927737213617578,1.0432659825140456,1.0995892895565857,0.8211913172353367,0.8662047612440614,0.8215709211249128,0.9478979381105694,0.7561121212626531,0.9650934313309448,0.6778333770976843,0.8613818624959458,0.7514621374373173,1.0181740059632374,0.9838620414394574,1.9442341973882444,0.7177133729584991,0.9939502172226553,0.994809299863891,0.9936121947507481,0.9854368729395682,0.7701489477288291,0.9034183163750346,0.9503040195681078,0.9495173399070066,0.9483412646265066,0.779580250074959,0.9287712088101278,0.5962148523920515,0.6537923886908534,1.0658229102906265,1.051120519157657,1.054202982896335,1.0399815196144169,1.0429837912837707,1.042502163242944,1.0063117213246815,0.7564739725674302,1.0253993280926041,0.9632994789613353,0.9252943260484904,1.0054551338925284,1.0054214596375959,0.9874798142792683,0.6447294711699605,1.0475352141615055,0.549252036649175,0.5087397879762173,0.0,0.19153882709290282,0.7377222204713128,0.15157606229317175,1.0537836535553433,1.1050729074958465,1.051431672006664,1.0467734716996253,0.6686353121812041,0.3430423313185671,0.5460290611636219,0.6409967080884721,0.8807463321792649,0.9959443933216531,0.6918169657045437,0.9153481769178627,0.6965936469995349,0.8656744731834426,0.8326109923688213,0.573710127103571,0.7937238944906694,0.31720403726005175,0.31963747112166163,0.4750659782658089,0.6099796389617541,0.4719089113329671,1.1931996156368516,0.4036440323150814,0.571118160752404,0.6514318256715216,0.49195043042525727,0.7031025711828296,0.7995601661426944,0.7623164710203381,0.9408219123971439,0.2637399593950582,0.46140246094054466
22787,0.7680345184317713,0.7317227387472225,1.167323864094105,0.6693501027415865,1.1472759104806385,1.1017092037849898,1.23158758653736,1.0473005233591082,1.1852673257895554,0.8012262138840861,1.1828817608611062,0.8487071003870413,1.2571133921120832,1.212805864194899,0.8407682422381807,1.0816161591653795,1.2130051561865962,1.1342826390007053,0.4022873353945411,1.232540148981259,1.2856397610772838,0.6311528409438708,1.0517367246475513,0.6316249546136405,0.7612249343170738,0.6531088172787288,1.1545376241912024,0.8641580986555003,0.7032324051995948,0.9378937978332075,1.2040543476111587,1.1697978861020892,1.7584413905536054,0.9041208081049993,1.1797772928854524,1.1806334412729167,1.1794365372038684,1.1712524104866164,0.9564041750224808,1.0893288596497959,1.1360357408156587,1.1352002400739665,1.1340670865472064,0.9656902248094236,1.1144469034652724,0.7865811406695827,0.706865883391381,1.2518012940057637,1.2370803851770609,1.240157924278965,1.225909086687801,1.2289162584527678,1.2284329443263242,1.1922932117846206,0.9429246545711985,1.2112641759734386,1.1493586285084403,1.1113491107648799,1.1913064904743143,1.191270827440165,1.1732914127943936,0.4584549059306971,1.2335531630137893,0.3633716454016592,0.3228954292013344,0.19153882709290282,0.0,0.9277181386564627,0.09547954150263734,1.2401265806026613,1.291131522101905,1.2373922564691013,1.2327107864780322,0.478193875626598,0.3691087817428533,0.7365303653038717,0.4723817382931118,1.0703877409704985,1.1853591476173047,0.8780297967191774,1.1009945929729614,0.8825199355302846,1.051205046974551,1.0180617925674773,0.3832556907080074,0.9790768854387435,0.5081866651970687,0.505354807584123,0.6604832760336473,0.7948480445098747,0.6570237355145448,1.0084711161553357,0.4981858097006711,0.7569131483868415,0.8415604217748548,0.6824372912315255,0.8931549240098324,0.9893611000044121,0.9522255721219071,1.1303370748780082,0.39088319870230226,0.6463350029889764
38070,0.1624378545029682,0.28157754044019084,0.6801802888814059,0.3132008050657941,0.6828775951407831,0.23114593070637496,0.6228734745366251,0.8037241038827105,0.6650448270702839,0.1489174388840222,0.33513864411560684,0.44877584942094845,0.5974528597135805,0.6405614732811223,0.11699859273957888,0.6316607085025059,0.6403828446585176,0.6728194997123826,1.2425020048686806,0.3987150064791846,0.5669655823675285,1.440872306057577,0.6070854399753098,1.3241417134486324,1.2158713077135856,1.2018313710688082,0.2993638081483376,0.9828127512623921,1.1427109933889836,0.9165447383585399,0.6485579066611404,0.6821671357242189,2.511459091838315,0.9471692453483166,0.6697951675452619,0.670106451120001,0.6700650177524866,0.6772224845987249,0.8916152542779024,0.7441658472615844,0.6772917935210123,0.6732767072923856,0.6731656522436065,0.8410523282525347,0.6566305448180988,0.16274851135874793,0.9074680770142732,0.6031534299395812,0.6175968228528013,0.6145181598594349,0.6284501123036862,0.6254424515615873,0.6258983795388123,0.6616555140729297,0.9113125831699818,0.6422948587461383,0.7042925852428492,0.7402209552406797,0.6598331480018205,0.6601989715167397,0.6752265945686756,0.8535864561792741,0.621241343689815,0.7123965958128693,0.7039019109959086,0.7377222204713128,0.9277181386564627,0.0,0.8809659548908648,0.6060627515313235,0.5612977661238432,0.6172904609622776,0.6224953220959785,1.3204330618491278,1.0170165873990948,0.21272181361987472,0.8593266603812949,0.6329049267553434,0.6090960751764338,0.9163342779312008,0.6458441671365917,0.8015949406294782,0.6066253876116263,0.5807608389042831,1.2232499813961175,0.5499893030359005,0.4408169328650066,0.8303539873486104,0.6321801504058209,0.4112224972593539,0.528747020994107,1.371609981769671,0.5894848368921314,0.7619775122640065,0.3711873334775388,0.2976605006276856,0.32308986518223437,0.37654892189016215,0.42025282068895237,0.36977490066412244,0.5521276897991017,0.4611524464491774
27875,0.7211810012184031,0.6838912702353833,1.0840874779981224,0.5743115693258525,1.0636277963011078,1.0512557832995466,1.1495455110597612,0.9642908199135541,1.1023864853202467,0.7574723874764333,1.1308614851060776,0.7584123044954049,1.1755909741481174,1.130432074666779,0.7935974304885238,0.9966096041733383,1.1306658001412677,1.050358133533272,0.45075723039343507,1.179627402091038,1.2046107040483318,0.6826186626955442,0.9661274547983352,0.6843539869413243,0.8424475375202725,0.6194893841022897,1.1030776934760653,0.7805713694536546,0.7263200580227922,0.8554021802482151,1.1214897928964214,1.0871161794812458,1.8090157998746368,0.8210149603596661,1.0967633806172878,1.0976111758180083,1.096417002405859,1.0881122747233296,0.8729466446637395,1.0056212396323534,1.052223445043313,1.0513625999161333,1.0501523939637465,0.8816195355587957,1.0301015957717405,0.7432005382902307,0.6538392085426789,1.170148114439477,1.1552070955043943,1.1582839214974279,1.1438668322260674,1.146845727029585,1.1463580359559846,1.1100117229711737,0.8603491417793068,1.128966852853885,1.0669194142209064,1.0285003779518604,1.1085293047934035,1.108484016747747,1.0901384743601763,0.5437365102554389,1.1518468670626685,0.4517209177388302,0.41153742918276853,0.15157606229317175,0.09547954150263734,0.8809659548908648,0.0,1.1596959413503336,1.2102012490562755,1.1555127574905786,1.1507091588882414,0.5263770839874731,0.2796970120479759,0.6923329070597105,0.5392912890947863,1.0166348680366695,1.1310823580147817,0.7935165859089955,1.0164002905628526,0.7969917981861478,0.965582652197903,0.9316862804422852,0.4316073084841923,0.8918759008424589,0.46526892423992905,0.4153421162618964,0.5699565800593434,0.7032804180543201,0.5647422657038159,1.0949736824891756,0.44969114043123426,0.6694042225105424,0.7920584687307741,0.6349983912510747,0.8435840173044014,0.9385949484414673,0.9013127172761008,1.0784478113800886,0.3451208840955547,0.5532315549677572
27954,0.5934865223449286,0.638587201285191,0.3570762038309963,0.7598570499164096,0.3835033546476135,0.4435352219925337,0.2618577166503512,0.2987599772184454,0.33247915092184827,0.6925766828470942,0.34252690188639484,0.6575426980938313,0.21883986769578645,0.291431066052016,0.5280050631959932,0.4593008002619531,0.29100997000109097,0.39935832275773375,1.0347117009055335,0.2675046518365845,0.16639639822025618,0.9598627639451162,0.4916118115946181,0.800706794692062,0.7581959874516331,0.6591477332375367,0.3797530119283505,0.49206895696359093,0.5373157626983565,0.39421258043540897,0.30401623955632173,0.28786279560478517,2.0156329389805743,0.442248520198935,0.3392976610694409,0.3404491550053132,0.3407438975150443,0.34758193647034624,0.3975099036309476,0.3213881936546778,0.3934123215779409,0.3996747360717452,0.39898971645913694,0.39732228604526804,0.42494281513145826,0.6999526931087126,0.6268665531587948,0.22922298209237824,0.2471752372630203,0.24836347923838575,0.2638977456214039,0.2660355736170967,0.2671695234514375,0.25533469272068937,0.3905515660420279,0.28806479735099394,0.2284480729471052,0.24210643304959215,0.3234104779532545,0.3244143541453231,0.3488497148009812,0.969944073177034,0.21624915469990869,1.146726815620756,1.130377763824026,1.0537836535553433,1.2401265806026613,0.6060627515313235,1.1596959413503336,0.0,0.15764716215187713,0.24662082742912808,0.2616376770128437,1.1332390754816417,0.9814913587454956,0.6042572917859417,0.9020216754582732,0.23723990286992047,0.08591218171826225,0.5002585499214419,0.4396867473235695,0.4978126909663672,0.4921911870436605,0.5240310538496538,1.0134803596286466,0.5591811826973475,0.7961941046057393,0.8370427465684129,0.6737119724273081,0.6881671314475665,0.6633440225914782,1.6676613256433097,0.876537587580509,0.6097961234517282,0.5363904946385939,0.6850561002691501,0.4846800064900914,0.3829584895389721,0.4197267849216762,0.30843580925302755,0.9566162196506575,0.6452299142677514
51850,0.7204395399808058,0.7671417398884017,0.21370301565821492,0.6382819212210967,0.24170139836058144,0.4078268888356795,0.11254943675107869,0.3254593555314523,0.18736056648922605,0.6432760904150626,0.3117340475784844,0.5315549236525885,0.0666200418202002,0.14406181826021075,0.6555864605169752,0.3235928340088305,0.14369250373898487,0.2590005707203152,1.0733622140055583,0.24167746429705417,0.01070101457458498,0.9889459816993569,0.35672050118791215,0.8237776069305739,0.9091549089455561,0.6790943677794039,0.34748621165887067,0.5210526568743006,0.6932717162779324,0.41794164012889123,0.158049027034517,0.1966355128234485,2.0394748559889395,0.4688909168817341,0.19541493548207334,0.1954148973691302,0.19610421842718087,0.2072570182625685,0.4259863562364995,0.299363323113801,0.25613468017730456,0.2583905969989604,0.2591865770605319,0.4284179676122188,0.28523863270311295,0.6515051702712321,0.771707723457255,0.07684258274803289,0.10131863396748914,0.09769870043534466,0.12032784452826116,0.11708438032065638,0.11799976664481637,0.16077586162008645,0.4145497801813174,0.14525866573128504,0.20800302350294209,0.2582127170536544,0.17808729817271712,0.17834888559165327,0.20508317224294212,1.1032490332375906,0.09681567622327857,1.2733375708685486,1.2565214471284767,1.1050729074958465,1.291131522101905,0.5612977661238432,1.2102012490562755,0.15764716215187713,0.0,0.10077189233389967,0.11134402934757014,1.1723688323652666,1.0251504819435915,0.7139908955070832,1.037194371612922,0.38639994604160854,0.240030347419841,0.5323782008060638,0.30092352861829064,0.5338596227981276,0.35728948085272805,0.3913529364656993,1.0521260658364642,0.42819614175295356,0.9180630763175149,0.8818991107009325,0.7195098373805502,0.5678406776006562,0.7112817776067418,1.7956952952179754,1.0062603501749756,0.6505162253538277,0.668952102224073,0.8129977092620032,0.6173663871281272,0.5194478766875645,0.5563972330521818,0.3668240238953206,1.081588155344655,0.6941856819565275
36499,0.7713065220240681,0.8200695825766605,0.12901389545816247,0.5887473941930413,0.1597495903252652,0.4738633252561592,0.01756929762125036,0.23342703696958142,0.100309355768878,0.6904349167794227,0.38580763660103384,0.47373626769512783,0.0363064530311732,0.05230059852580367,0.7072349686908326,0.2475781902785583,0.05181146274534191,0.17819691535047458,1.000719750933669,0.3208265423177232,0.09091892358065332,0.9015782255979713,0.28466774011729784,0.7267369499464827,0.9907110963477734,0.6074285612074858,0.4181307909977675,0.4327175736680733,0.782328168285719,0.321301936473125,0.06711199435198041,0.10296274083370814,1.9489751244955913,0.37685767856883706,0.10833735375534854,0.10952485872411445,0.10995492060855634,0.1182429772538664,0.33678732164488556,0.21237835597794874,0.17155667650823964,0.17844431273218636,0.17780552772507568,0.34330815872734055,0.20771134139535558,0.6821802633640072,0.8453219789388383,0.02560453402609716,0.0006494206760419873,0.003147401954676098,0.021506594715955688,0.022479550073145164,0.023788175757406105,0.06361083820796776,0.31832957286043195,0.04897356084601669,0.11188524292650331,0.1653362047474258,0.08974526649637732,0.09085282570716144,0.11944744733854216,1.1627216996937981,0.032990733563303794,1.3244647090769512,1.307005067493978,1.051431672006664,1.2373922564691013,0.6172904609622776,1.1555127574905786,0.24662082742912808,0.10077189233389967,0.0,0.017187400458603765,1.100682216730031,0.9599199275634216,0.7604064392599376,1.0989471273005251,0.4650041352874174,0.32474391722100837,0.4488672398951502,0.22479636623019264,0.45649250098081273,0.28533025291511727,0.321888693024262,0.9793763860632146,0.36203862464168524,0.9145725908509115,0.8183105097334391,0.6572071011547267,0.5085502577262372,0.6521902343407182,1.8502558055365832,1.060963621648366,0.580418821431436,0.7269639142608457,0.865210201563485,0.6754671178137988,0.5823536651126251,0.6195263355160775,0.4349949794217917,1.130258902919762,0.6366963038520141
39360,0.7813495600357998,0.8303834683970766,0.11426512157442986,0.5783378208515384,0.14529809082317224,0.4810703444969398,0.0016442835019394256,0.22297452882722543,0.08502639677131964,0.6809577338602577,0.39310755028468813,0.46312231458654673,0.04873590710059498,0.036812541222934966,0.7173818172639393,0.23563784295687307,0.03639536393114526,0.16441559630146405,0.993197202925159,0.32934039472243376,0.1028792043125694,0.8918148453958196,0.27212545545443595,0.7155100032634335,1.0047300177583471,0.6243782630318011,0.4257932920209654,0.42282702784941695,0.7973240944394531,0.3101413464890308,0.05236422424096322,0.09225999858831072,1.9386112990247892,0.36640247341501514,0.09393268889457353,0.09362033249005582,0.09474380397847247,0.10691915358067504,0.32676673402944656,0.20271347779793145,0.16106763960913878,0.16343058443868538,0.16459164826891462,0.3339122023992182,0.19308196668092248,0.674201029157888,0.8583218725914987,0.037327354615953295,0.016546365071109032,0.015548214812401956,0.010014511320896183,0.006705838053042302,0.007744790889764316,0.052375308145621795,0.30723348399848666,0.037870618592097685,0.10081034471436905,0.15475509292228715,0.07469795201500264,0.07503246678514289,0.10469398037264586,1.173865244074168,0.049906501114984424,1.3345061303077899,1.3169630126174128,1.0467734716996253,1.2327107864780322,0.6224953220959785,1.1507091588882414,0.2616376770128437,0.11134402934757014,0.017187400458603765,0.0,1.093298770813895,0.95353824027129,0.7682817477251865,1.110391814755261,0.47867807987319444,0.33919444672159943,0.4397290679768571,0.21075277760278854,0.4482724631892552,0.27275270425860015,0.3101127329129949,0.9718549115938265,0.3504619514382618,0.9104921398486668,0.8121657473907065,0.6512640169960658,0.5023278511446052,0.6467411769572673,1.8607021610698904,1.0714876716727373,0.573297684177904,0.7379319861115159,0.875417561111192,0.6864635133895816,0.5939653254886004,0.6311743080720169,0.447308117819625,1.1399869895472063,0.6314712773345496
22314,1.1625173366503887,1.1151409588537915,1.0036112841674734,1.0942951131433594,0.9757254398627045,1.4467818772527827,1.09198674241341,0.8910503884854474,1.0283954528932329,1.2296113652246183,1.3803835502156498,0.9374516606123989,1.1266848503104705,1.06632435522587,1.2307326594469947,0.8836905244319025,1.0666186145434842,0.9576667434321616,0.10569577828136746,1.3319204464597523,1.1652060004269968,0.22863835807203603,0.8409188262613447,0.38560729883455824,0.5231495911581543,0.5199529354399189,1.404578870931674,0.6978858814897034,0.5968388663719242,0.7929928288206628,1.0544182447797195,1.0174750718443306,1.3583332178325749,0.7481033898790126,1.020953522313655,1.0217601436375288,1.0203286956213016,1.0097318828334996,0.7925523453320285,0.9185715821625424,0.9607961789389935,0.9587043142751229,0.9574803750406236,0.7891792420408149,0.9295383278222035,1.2189816017942716,0.8224893639153403,1.119328712414049,1.1002544402310015,1.1035823252812638,1.0852448535313324,1.0883643202848563,1.087655631167397,1.0481089341939562,0.7970656263601422,1.0649591711048405,1.0029010227635857,0.9571505637890267,1.0367876498198034,1.03659029576641,1.0118901038732795,0.7630065978947249,1.100412475053066,0.6086975108241137,0.625563465350296,0.6686353121812041,0.478193875626598,1.3204330618491278,0.526377083987474,1.1332390754816417,1.1723688323652666,1.100682216730031,1.093298770813895,0.0,0.35433933233420684,1.1609114469040884,0.819135035871707,1.105021431307497,1.1314786075278283,0.6961396850705877,0.9107391430092615,0.6759342379027766,0.8401486875314005,0.792578047097176,0.12769384197453432,0.7803523425856482,0.9492335091689826,0.5511814050419415,0.7559475814104313,0.9862383828866357,0.8845492283640782,1.142324182677013,0.8733924364007444,0.5732702131992922,1.202508172896035,1.069689335812252,1.2536222409348754,1.3097115809886781,1.2676443707860547,1.3428260330947965,0.7995864772742367,0.9437463800616008
25967,0.8581928410850153,0.813473181103321,0.8727089693360788,0.7671143941172803,0.8476800610426138,1.157385575257362,0.9522762034907037,0.7570319875504729,0.8950012269883748,0.9171461120777282,1.2153225173843236,0.5914160535156693,0.9836862672743121,0.929120727193451,0.9277119356643411,0.7653463269810425,0.929409941338825,0.8314663270383538,0.2818967897843376,1.1707719158250605,1.0185761980283334,0.5491211467503856,0.7273801746933428,0.5655317707751814,0.8119634029950228,0.506873634782169,1.200702440299904,0.5672890631190785,0.6294306962651446,0.6545993771124468,0.9183520247291472,0.882337743601229,1.6800441415543124,0.6137081758583489,0.8882375440956237,0.8890641960151885,0.88772608278264,0.8780094443751859,0.6611521719465031,0.7900449335988822,0.8341236111638701,0.8325361124095871,0.8312709830000234,0.6625044433248223,0.8063913064743431,0.9055385462694264,0.6595876093505018,0.9770449659330877,0.9595463573893425,0.962776191973419,0.9459559936964888,0.949005757139582,0.948386318049966,0.9099950235014689,0.6589939804270006,0.927814412057668,0.8655071653161328,0.8225325543696199,0.9025183261321927,0.9023793056895091,0.8801152621047361,0.7363306899327184,0.9583210082467423,0.6691745183449447,0.6314706773208378,0.3430423313185671,0.3691087817428533,1.0170165873990948,0.2796970120479759,0.9814913587454956,1.0251504819435915,0.9599199275634216,0.95353824027129,0.35433933233420684,0.0,0.8491936270629872,0.7268190749543221,0.94602583545245,0.9768379732364559,0.5712606560380518,0.7895733995072525,0.5604565910646757,0.726697426398154,0.6844809412282885,0.2631194348959139,0.6344642572421916,0.6329289307323828,0.2012815476015948,0.40971298612829005,0.6465832305900006,0.5465224854713486,1.30059104323844,0.5735160474676403,0.410257007787566,0.906749373510584,0.7669780576397413,0.958056543704065,1.042335721213508,1.004581583237274,1.172882568737763,0.49110944106184296,0.609752730321111
36411,0.20347030570184244,0.3301285206079116,0.7105607968318761,0.28277199997444374,0.6929388689961349,0.41612032743836835,0.7671997993451455,0.7084266258257401,0.7263702095390221,0.09653102141742664,0.5096003484255757,0.434413282832285,0.7463710369442286,0.750609089512357,0.16967495711494154,0.6353677816964846,0.7508077467903661,0.68150043537299,1.0838431253724472,0.5664718394796975,0.718315794292164,1.2936898940305839,0.6094176543686953,1.2866052788869535,1.2198451769289762,1.1925913218842605,0.4770872740163107,0.8418853813674116,1.1412149287521254,0.8741848649707826,0.7428445888811223,0.709347857521174,2.4025201678000783,0.8519594177307788,0.7214575407634134,0.7223332261690796,0.721216049718116,0.713783068391188,0.7615993828685297,0.6344805052880786,0.6828580632664696,0.6824571718196428,0.6812765899422467,0.6919662777235329,0.6642240404134186,0.11147173508230356,0.9184689162049932,0.7521624407713813,0.7607178362882281,0.7624451078161382,0.7618908025593238,0.7648372853328103,0.7644333048711645,0.7292565610334832,0.8643065002681094,0.7490333467370734,0.686895417141274,0.6549193917301138,0.7316530438426265,0.7316681910280239,0.715779123896163,0.885880918643796,0.7376337953264224,0.766044439864406,0.7232005469555228,0.5460290611636219,0.7365303653038717,0.21272181361987472,0.6923329070597105,0.6042572917859417,0.7139908955070832,0.7604064392599376,0.7682817477251865,1.1609114469040884,0.8491936270629872,0.0,0.8871062680522183,0.6388359867553575,0.6101451970799407,0.7662471782331127,0.6524196153670854,0.6468835920174115,0.6089566529745734,0.580118845890616,1.0646750278524215,0.546398567860392,0.23592059923232822,0.6599304440154415,0.4595613061265691,0.3882653257092337,0.3501576457760199,1.417120991960742,0.6330437803363154,0.6001801792223074,0.40624698119587405,0.34852868798279024,0.35791697971056086,0.4018876586501643,0.4452045412195568,0.4556779037609783,0.4713278606236324,0.2791418021892855
26575,0.7106426876586149,0.5871408679189097,1.1787086492230738,1.1120411554929213,1.1979138016434971,0.6297070580509987,1.110395541140248,1.0211630810767445,1.1609651999988,0.9782362542582965,0.7607811024465886,1.224156157837702,1.0799038602137467,1.1314635316270556,0.7496993612379556,1.253305730482363,1.1311348392623415,1.2094284661889598,0.7228904606863716,0.8391933767149469,1.0431140203650608,0.6898778313227233,1.2773338736429547,0.5566472605514254,0.4137913396259142,0.49763710504550956,0.7156366219100705,0.8909987281560839,0.3658606379710153,0.8504179936996147,1.1404143249670629,1.1212883476822375,1.769674585964134,0.877927295052686,1.1658014421497302,1.166906676576296,1.1669491893399124,1.1713716154160287,0.9705219113729036,1.136694321410366,1.2046147561208487,1.2098087744595594,1.2090765740476108,1.0419006208528347,1.2283522410751495,0.9885468172115308,0.3091782426232571,1.0873729683060755,1.0993343634897823,1.1008690292810965,1.1110427701255876,1.1133390258810596,1.1141791620128614,1.0981745205032745,0.8608007094709742,1.1284132574075378,1.0686408519839063,1.0736175524916878,1.1543945571167027,1.1552261255232783,1.1727731482265285,0.08312040322272107,1.0734879262112604,0.313759613026539,0.30131079123489624,0.6409967080884721,0.4723817382931118,0.8593266603812949,0.5392912890947863,0.9020216754582732,1.037194371612922,1.0989471273005251,1.110391814755261,0.819135035871707,0.7268190749543221,0.8871062680522183,0.0,0.6943547719462534,0.8308395857165047,0.9801193664240441,1.2390681444215061,1.0918305141753306,1.277770757274156,1.3014759299543361,0.7018733403240366,1.3090241883855027,0.7595759518547796,0.8732181087736737,1.037034018648124,1.1891298311454106,1.058214912605263,0.8185338966206513,0.282992617414528,1.0889311568640512,0.5006495427889369,0.5680224202977773,0.5484373563927515,0.5264359152830042,0.4910387435719583,0.703572184357029,0.4333429308755852,1.0615632281784204
39070,0.4823385043887798,0.44519832870562953,0.5639047099674823,0.836672587484932,0.5876229344120475,0.4525967033613244,0.4788014366620029,0.40129899048409257,0.5418806749462027,0.7279787364819796,0.3393224161200557,0.836036438192917,0.44055173973309825,0.5051723033159252,0.5252074207982749,0.6558016589925252,0.5047935142622283,0.6018485621273828,1.00735648243629,0.2546796684696976,0.3940627851716625,0.9480220640099121,0.6850627383114773,0.7986219988006167,0.5991870482231867,0.6621163594699199,0.3812142034011288,0.48069771386318677,0.5576322597525342,0.39131182239630097,0.5163697007034598,0.4990807786017012,2.010823330062588,0.4346618470334382,0.5479435204849052,0.5490765186845026,0.5492814494097765,0.5552117566254868,0.386996934312581,0.5257387707976158,0.5963358821965217,0.6022028923598308,0.6014890033549799,0.43382576881861634,0.6249491079254448,0.7361379582469336,0.39870857278030064,0.4498203415649127,0.4654998498885223,0.46681675935413053,0.4803289633171134,0.48252261682060393,0.48354833760595334,0.47009738098862797,0.38722236599142845,0.5019291991376544,0.4421592516905547,0.45252604110545575,0.5337465697864704,0.5346855581284538,0.5565244850067899,0.7661758196074228,0.4364759340122906,0.9569338121933444,0.9415991639588521,0.8807463321792649,1.0703877409704985,0.6329049267553434,1.0166348680366695,0.23723990286992047,0.38639994604160854,0.4650041352874174,0.47867807987319444,1.105021431307497,0.94602583545245,0.6388359867553575,0.6943547719462534,0.0,0.15530459057792412,0.48375787050456537,0.6382010234646682,0.4973511437199888,0.685588935377761,0.7144030026279561,0.9861298141854291,0.7463350109619917,0.6167514575078161,0.7996750682009387,0.6521371940109342,0.8639131029160044,0.7543601879370032,1.473683340688752,0.6805239052593043,0.5793278846977494,0.33466397577436996,0.4929927714511248,0.35448437232185237,0.30748115740084336,0.2636581909564917,0.3066130886142654,0.7705397964177848,0.7779898042566158
43162,0.5289152294151572,0.5727625553182069,0.43042813222250703,0.801787825776833,0.45575876050705494,0.4400028322259897,0.33940223662459257,0.3054679765078993,0.40688090376120956,0.6987613254463757,0.33448748849941956,0.7193615330750825,0.2983041511003764,0.36763887897939573,0.5020322483836573,0.528464921298138,0.3672111745360051,0.47096617166199656,1.0333137005172495,0.2559207804357356,0.24834197366521119,0.9647951373518882,0.5594956716622497,0.8096784400257325,0.6745267594000124,0.6701818105003965,0.37340660129826697,0.49722813483743866,0.5555081518571869,0.4028485086823014,0.3796764203852879,0.36300863001060113,2.0231208321780523,0.44896712708869635,0.41342126640123716,0.4145722441822969,0.41481471314045393,0.4212756071839473,0.40303208128278095,0.3937609117034437,0.465158397446352,0.4712590728714096,0.47059257186145476,0.401119753668979,0.4955374680772338,0.7064093951686504,0.5481643964356548,0.3082536291316647,0.32526199636506997,0.3265198417170094,0.34118722475405444,0.3433740215136328,0.34445639644212084,0.3319549903675048,0.3990164157815404,0.36429906312836347,0.3046341356743755,0.3169341708663681,0.3982111718045415,0.3991902644198161,0.42258287352018264,0.9001928478164415,0.2951252336360793,1.0821388012087065,1.066167368234223,0.9959443933216531,1.1853591476173047,0.6090960751764338,1.1310823580147817,0.08591218171826225,0.240030347419841,0.32474391722100837,0.33919444672159943,1.1314786075278283,0.9768379732364559,0.6101451970799407,0.8308395857165047,0.15530459057792412,0.0,0.5034060814015807,0.5096511304071865,0.4982971675858284,0.5600546534180129,0.59069406865659,1.0121543248458262,0.6244964711121508,0.7354609350688831,0.8315915840569227,0.6676865969782917,0.7488469118351795,0.6559209657064138,1.6014600144656654,0.8096563089398773,0.6071524756701824,0.4673992938317446,0.619658730312741,0.4156633375903375,0.31092093561462486,0.3475705111179007,0.30088030261032145,0.8934266303913969,0.6873665831327702
39120,0.7576895883101766,0.7064722120514257,0.333730621489976,0.7192737016020813,0.30049072404875016,0.84765204820679,0.43825654623355303,0.2252045688713091,0.36315243271007686,0.8367560867492713,0.7721620393280502,0.584982005997002,0.47906548171619795,0.40803246455699244,0.8210644693564492,0.31498256597386254,0.4084194440824542,0.2789387659075201,0.5933738057879931,0.7168378999263721,0.5241100980595607,0.5658391435731994,0.3597326598801213,0.6085159482142558,0.9066160087901307,0.5608923106104352,0.7997877791475881,0.11896530738137462,0.7104896396827506,0.1937146156399527,0.3939841192121194,0.3550708884977352,1.6989168428245294,0.14939900481085278,0.3543561396933462,0.3551304640901577,0.3535510436933223,0.3413101230683386,0.12116407656768734,0.2433752234948005,0.2830436596891383,0.2801450702830554,0.27877874752459897,0.1093596468416707,0.26627070638025263,0.8274002007406206,0.7468373507228886,0.4703403057829592,0.44837499817375237,0.4518718655096925,0.4308434329645706,0.43402246200560707,0.43317217543083936,0.39113987022495,0.18195171945479,0.4070020401057008,0.34413451646264215,0.2930725713005074,0.373112733654641,0.3728079384539467,0.3435424862693552,1.0399923866036453,0.4508503061629795,1.1305651190993329,1.0950699788740053,0.6918169657045437,0.8780297967191774,0.9163342779312008,0.7935165859089955,0.5002585499214419,0.5323782008060638,0.4488672398951502,0.4397290679768571,0.6961396850705877,0.5712606560380518,0.7662471782331127,0.9801193664240441,0.48375787050456537,0.5034060814015807,0.0,0.2871567388627081,0.16748373408325087,0.36052733060772557,0.40452323895399406,0.571646665075172,0.4525813654816953,0.5642111938137948,0.43347175229787194,0.40197385849812883,0.626235877893278,0.509096277874218,1.7222278826313024,0.9293030771739292,0.2429680647454894,0.6814407110808752,0.7003380403746823,0.7303509357689069,0.7084771577991095,0.6658649293970222,0.7353259252537456,0.8654256025042568,0.5760461199610016
60133,0.7976155512821537,0.9026377410651901,0.10827733320857762,0.4441136668387857,0.07591566620004304,0.6098141066921803,0.2101854695054353,0.27757237190323186,0.13669628333937678,0.564198829425681,0.5351037430410712,0.3070046843358557,0.24995811856392586,0.18073600013689642,0.7552929883392563,0.030557539691566146,0.1811956445785513,0.05544060944718428,0.8078828351922382,0.48147903541966414,0.2940707509327129,0.8379137326618034,0.07560758656055988,0.8777366793234004,1.1695072562806021,0.8291465181878673,0.5628102052668603,0.3918973854639534,0.9754781287180668,0.4640170612472214,0.16762937924767726,0.1830541402361193,1.9611899981097576,0.4210681006477859,0.12890312817741761,0.12856422410933638,0.12730953995416436,0.11912366503609138,0.3163232913390876,0.13859940298347748,0.06272325473952536,0.055778185969707315,0.05583688149616876,0.22318783360469488,0.021823219505137163,0.5558472364995813,1.0087829403869977,0.24061381119264494,0.22427795638848527,0.22301429095596872,0.20831769557765745,0.20613227858405928,0.20502710055708015,0.21699651005110518,0.4523778040010088,0.18431580574145476,0.24371160114879717,0.22810447811999612,0.14674044638585418,0.1457045978890345,0.11792498576185845,1.2982992707073735,0.2539083292199472,1.357172301633323,1.3215991227541348,0.9153481769178627,1.1009945929729614,0.6458441671365917,1.0164002905628526,0.4396867473235695,0.30092352861829064,0.22479636623019264,0.21075277760278854,0.9107391430092615,0.7895733995072525,0.6524196153670854,1.2390681444215061,0.6382010234646682,0.5096511304071865,0.2871567388627081,0.0,0.2492337821306866,0.0763827584060046,0.12207967218485745,0.7862676517079094,0.17124954519596625,0.7896627822267787,0.6528494260457377,0.4956084380362917,0.35338026506885317,0.5001646807748076,1.9733558586388606,1.1870071328049188,0.3953771843358545,0.859665146504905,0.9283125510892101,0.8083845175488861,0.724802359037038,0.7624307099240542,0.587862445286921,1.0920295384695542,0.4893513790081711
65160,0.6429959559748791,0.6926558790654247,0.35078144744191997,0.5911604750305742,0.32035070094310186,0.8280603716223207,0.44689548144006425,0.2396853975237909,0.37777595803457026,0.716805752951384,0.7572437544487969,0.44652419030890217,0.48450155015176494,0.41903850399673037,0.7107428351509905,0.21963987032268625,0.41936279210780975,0.3006377354607877,0.5719125081539977,0.7054370249851444,0.5261680940368185,0.7162544026945283,0.20154737183031934,0.7501693870921924,1.0307883881547444,0.6989036649103068,0.783090279758165,0.26853714940148704,0.8394433441159732,0.3358121002059074,0.40612034934065633,0.3681074779658608,1.8438644599278091,0.29543390584730667,0.36970165350205564,0.37050006809696506,0.3689883790248075,0.3575973438180962,0.19241032794275517,0.26300941514682374,0.3042034736421989,0.30171987223157626,0.3004586533913319,0.13107964870272926,0.269797066551498,0.7068395186253968,0.8661912856626216,0.4765024495188672,0.4560280517733119,0.4594541164955791,0.4397936884443847,0.44297001005784536,0.44219066087413084,0.40135164325113654,0.32441980303992574,0.4177262276016913,0.3551538816591644,0.30680446482063495,0.38692423097649525,0.3866779618743194,0.3598076762601418,1.1500262732446849,0.4572476011866264,1.146981786998546,1.1110268612643994,0.6965936469995349,0.8825199355302846,0.8015949406294782,0.7969917981861478,0.4978126909663672,0.5338596227981276,0.45649250098081273,0.4482724631892552,0.6759342379027766,0.5604565910646757,0.6468835920174115,1.0918305141753306,0.4973511437199888,0.4982971675858284,0.16748373408325087,0.2492337821306866,0.0,0.20241639282864995,0.2505598871022091,0.5503014070097626,0.30289443394945476,0.5740280409815867,0.42493712774761766,0.2687588664075164,0.4911944772643351,0.38737233392246745,1.764045427488524,0.9801705552976236,0.1611951663663194,0.7101276267905452,0.7179770360423624,0.7083010271048823,0.6894993252809044,0.6470910761322389,0.7198564330618898,0.8798763893341779,0.44422887694771923
41592,0.7578398857593032,0.8642594042530777,0.17652879993663556,0.3939076845553893,0.14650413971397633,0.648546473001973,0.2715140047755411,0.3435988931652417,0.20317230525859717,0.5209572377106523,0.578209861552128,0.24750666151805353,0.3087585577845824,0.2439684659190133,0.7160672571381586,0.04827460548243929,0.24439126891135204,0.12716644572726798,0.7361416438909102,0.526937113254152,0.3501649862091524,0.907633405887086,0.0008810300960842577,0.9404218051344239,1.2183432170455808,0.8889050510981488,0.6038888512047043,0.4608063986612447,1.0280008047391105,0.5269396774055437,0.2317393082347151,0.2479195123956737,2.028289262379085,0.48709271303097806,0.1955838430858643,0.19598805961483926,0.19448843082754858,0.1865607799102855,0.38452361648115757,0.20869069095103296,0.13404624598026724,0.12818845953148994,0.12755455235054697,0.2949732481415336,0.09665998368327004,0.5113844342389363,1.0536319675960581,0.3006274689092973,0.2848395471731392,0.283788794145173,0.2699308011965641,0.26772323426878764,0.2667408613988007,0.2796041888455904,0.5155633879475225,0.24746172683694495,0.3069713533405876,0.2935263489391224,0.2122064651539332,0.21194727155875157,0.18542758516646904,1.3357929983739614,0.3134709338770795,1.3175522259307038,1.281514190999275,0.8656744731834426,1.051205046974551,0.6066253876116263,0.965582652197903,0.4921911870436605,0.35728948085272805,0.28533025291511727,0.27275270425860104,0.8401486875314005,0.726697426398154,0.6089566529745734,1.277770757274156,0.685588935377761,0.5600546534180129,0.36052733060772557,0.0763827584060046,0.20241639282864995,0.0,0.049212270729918295,0.7144252838507616,0.10205139197559537,0.7442175773489156,0.591868584738751,0.4361353487687445,0.2966315590144904,0.44439204730203924,1.9359322193373345,1.1516692746244408,0.32671650283687054,0.8963853682968916,0.889458449655531,0.8451706110344223,0.7641176687182822,0.801877368699565,0.6299397812247037,1.0505367902142038,0.43537106485404903
39168,0.7314958343857855,0.8388650280231186,0.21784118763966567,0.3602845515838707,0.18909797608417578,0.6723527476121749,0.30874588861225977,0.38338297297134255,0.24336599365675343,0.4921420373723343,0.6044729569249871,0.20787580148458948,0.3444571267443256,0.28237625042305403,0.6900971503212571,0.09487680486943542,0.2827098723583881,0.17047023329733998,0.6877651858452454,0.5549133563425264,0.3841284426448657,0.9495613101340084,0.05000990055805737,0.9782391395531675,1.2480578228743326,0.9250349152799525,0.6292435320884641,0.502264447908519,1.0598877932047392,0.5649166573363607,0.2703626336993622,0.28702813689870643,2.068695210543849,0.5268756546268244,0.2357221211369873,0.23648124439668028,0.235035529495786,0.22715361452869726,0.4255704849166382,0.2507892140336772,0.1769032090958874,0.1716065125528562,0.1706154415648397,0.3380902565978669,0.14144431189395054,0.48189135571374936,1.0809892290952674,0.3368637833990252,0.321428775468716,0.3206746585579071,0.3071440149180136,0.30504306237300294,0.3043186728615489,0.31738719839902935,0.5536936502950007,0.285568907405545,0.34513425597582453,0.33295693334654314,0.2519918699834964,0.25177850358110065,0.22633352583145333,1.3467394694369375,0.3494666598028682,1.2913600517449615,1.255005857635092,0.8326109923688213,1.0180617925674773,0.5807608389042822,0.9316862804422852,0.5240310538496538,0.3913529364656993,0.321888693024262,0.3101127329129949,0.792578047097176,0.6844809412282885,0.580118845890616,1.3014759299543361,0.7144030026279561,0.59069406865659,0.40452323895399406,0.12207967218485745,0.2505598871022091,0.049212270729918295,0.0,0.665931219084863,0.055702264316354125,0.7140527487092234,0.5509972043342898,0.3962958513479709,0.2586923188374774,0.4070807698332543,1.911230909159956,1.1270407689431383,0.2804961803651166,0.8766083177818529,0.8637731604969372,0.827596588366289,0.7881880793415126,0.8260085895881236,0.6556316944385437,1.0230701637704551,0.3993435924906929
28158,1.0650503830831441,1.0171714104534777,0.8807444832526852,1.0002582329729697,0.8523785226867577,1.3301683842596475,0.9705005328927193,0.7683494223507679,0.9059408801020769,1.1336814994669258,1.2629470520411452,0.8459681202348908,1.0057794724845999,0.944456992875162,1.133203350815111,0.7587265361636137,0.9447863478945835,0.8339969862133891,0.02202968140616295,1.2138938740927407,1.0448543732323596,0.31218534703893785,0.7152112353710968,0.33921313913710843,0.6070742356795108,0.39817718071306196,1.2874776047801164,0.5744514476100896,0.47657946325749406,0.6707959959307085,0.932336185716629,0.8952298264675091,1.4496334680985608,0.6252042235994834,0.8983496640440698,0.8991484646589869,0.8977172768494707,0.8869781008098833,0.6692863975020367,0.7951168782535877,0.8372497428957071,0.8351236779858232,0.8338204295054387,0.6652183795875078,0.8053694048529503,1.1232228805907394,0.7040097508741681,0.9982798124953122,0.9789540474248188,0.9822851718696016,0.9637484320417046,0.9668429570629445,0.966128437930189,0.9263256509003436,0.6747827982045914,0.9432707317238117,0.8809101372199397,0.8346757697062174,0.9144553486122534,0.9142474629276816,0.8891261530798479,0.6890831957893374,0.9792906775745589,0.6329826298419978,0.5963558459833359,0.573710127103571,0.3832556907080074,1.2232499813961175,0.4316073084841923,1.0134803596286475,1.0521260658364642,0.9793763860632146,0.9718549115938265,0.12769384197453432,0.2631194348959139,1.0646750278524215,0.7018733403240366,0.9861298141854291,1.0121543248458262,0.571646665075172,0.7862676517079094,0.5503014070097626,0.7144252838507616,0.665931219084863,0.0,0.6916627242262701,0.8533224414855812,0.45957205814378727,0.6640992695740616,0.8939344698553398,0.7916450030161688,1.2600635709911747,0.7749935532811039,0.48407588287447956,1.1039079427313885,0.9718900592042641,1.1550083737625265,1.1928254237115483,1.150609156654004,1.2254203055761201,0.7023275275772928,0.8504890840603649
32258,0.700824659066776,0.8093364116603531,0.2623648335215292,0.32013037965510244,0.23499214173336527,0.6806041597414408,0.3491790374835307,0.42691369194686335,0.286706699626545,0.4577448416959362,0.6330394430820079,0.16035521550948287,0.3833874689017158,0.3239434017244425,0.6598761590013602,0.14567285263273347,0.3243109991232468,0.21726709453485896,0.71014617196538,0.585266850982267,0.4215116982837291,0.9953536777491446,0.10280529622185512,1.0197155036836545,1.280868495970019,0.9646878489323257,0.6568887349366521,0.5475626586807634,1.0950216743363286,0.6065311740674793,0.31274572299138026,0.32984204713579257,2.1128677003156042,0.5704030244505729,0.27966896845951816,0.28019641872120654,0.2787760679170436,0.2715542764199372,0.4704359441429808,0.2968461591390446,0.22367820559821922,0.21835284920460418,0.2176454929717028,0.38515134741844936,0.18969515891918742,0.4473318184183983,1.111273974907223,0.3760399867997712,0.36158629252734725,0.36055820231063473,0.34794871853793785,0.34570399087636033,0.34490367775269354,0.35881198852982493,0.5954706887518694,0.32732177947477303,0.3869621152611567,0.3761162067180803,0.2949323770042697,0.29474855043242054,0.27048697083197004,1.320039722397148,0.38900876421568337,1.2607806752861563,1.2240459635969982,0.7937238944906694,0.9790768854387435,0.5499893030359005,0.8918759008424589,0.5591811826973475,0.42819614175295356,0.36203862464168524,0.3504619514382618,0.7803523425856482,0.6344642572421916,0.546398567860392,1.3090241883855027,0.7463350109619917,0.6244964711121508,0.4525813654816953,0.17124954519596625,0.30289443394945476,0.10205139197559537,0.055702264316354125,0.6916627242262701,0.0,0.6786803902882727,0.5025824557857689,0.3491664418114344,0.21386858648285162,0.36311154964007036,1.8824393435037585,1.0983429589974907,0.22550401598770214,0.849352082154517,0.8338264709153933,0.800423159175417,0.8149377093236566,0.8528490285222626,0.6841611906982714,0.9909566250597048,0.3568509402889141
37481,0.27993691875260523,0.24810519600861056,0.8503554729221054,0.4008778722930409,0.83198262059913,0.6334941656312261,0.9094075936778825,0.7282536629950489,0.8668299137005852,0.29915018129903326,0.7225208085473278,0.5610217326402027,0.9329270825926678,0.8921221326090195,0.35470159319651634,0.7718902262858934,0.8923006500179479,0.8200660877732779,0.8724498136598898,0.7767867059652586,0.9222007901371119,1.0882948077571997,0.7446996881425646,1.083548648880062,1.082946547630569,1.0159839006848814,0.6915111317644574,0.6360115706059501,1.0018503478506455,0.6704062443967076,0.8840530322136474,0.8502710043435044,2.2038131085917394,0.6470950346972086,0.8617583241113459,0.8626291242684252,0.8614803027160057,0.8538067523732779,0.6388192103086168,0.7736390995871788,0.8215199101269957,0.8209954120130011,0.8198431779583674,0.6508990465162691,0.8019895795053533,0.2827791862249916,0.7840333841236424,0.9280649771718369,0.9142861023191844,0.9173185744394212,0.9039549577728729,0.9069433452820495,0.9065096894628453,0.8710054667612293,0.6604410240552084,0.8905451067302734,0.8284307130236402,0.7920371073622327,0.8723612601092327,0.8723620626589634,0.8558271518414405,0.7601967917629793,0.909897948470014,0.649421878558951,0.6074225507258931,0.31720403726005175,0.5081866651970687,0.4408169328650066,0.46526892423992905,0.7961941046057393,0.9180630763175149,0.9145725908509115,0.9104921398486668,0.9492335091689826,0.6329289307323828,0.23592059923232822,0.7595759518547796,0.6167514575078161,0.7354609350688831,0.5642111938137948,0.7896627822267787,0.5740280409815867,0.7442175773489156,0.7140527487092234,0.8533224414855803,0.6786803902882727,0.0,0.4421429867263148,0.37244502897917925,0.5124832144016942,0.3761395293092767,1.2985062869563748,0.5115782061597208,0.45635204045683503,0.3672677221376796,0.22979909234728194,0.4191476813437746,0.5220904629160404,0.48508205834146556,0.6690410240009694,0.35797164327185577,0.3695704048872705
38254,0.6711652510214241,0.6272368849215029,0.7335408219528309,0.573115144403623,0.7092416749803777,0.9742941506154549,0.8109363802171848,0.6169844989455248,0.7552021810706826,0.727686944614149,1.0425864622644223,0.3915064141780124,0.8414794254059518,0.7883987804183906,0.7411071705091877,0.6293338367880875,0.7886496586853713,0.6935042939384696,0.47833780386708236,1.0239954439864865,0.8754864365358751,0.7398741691079043,0.5925281084369494,0.7541059622656481,0.9957705250626705,0.6945309542629765,1.0186290860385847,0.4279984593150179,0.8146411045256756,0.5133726413264645,0.7779262250207446,0.74207852258731,1.865777073839227,0.4735070132070375,0.748648917117469,0.7494829012072769,0.7481557086625378,0.7386513463227024,0.5217244600145392,0.6514502230584277,0.69599423526676,0.6945239577370332,0.6933031595321103,0.5242794726479832,0.6691891428576963,0.7157396658446966,0.8193009797100108,0.8350502478221979,0.8179353426239084,0.8211612531809336,0.8046680277419864,0.8077452634831318,0.80713952327375,0.7690129746444297,0.517871524303298,0.7870317652192973,0.7246749334262139,0.6823754924552993,0.7625206865725167,0.7623989241642203,0.7407634242658667,0.8820794146879499,0.8163581988148869,0.8119085708149543,0.7739411528384084,0.31963747112166163,0.505354807584123,0.8303539873486104,0.4153421162618964,0.8370427465684129,0.8818991107009325,0.8183105097334391,0.8121657473907065,0.5511814050419415,0.2012815476015948,0.6599304440154415,0.8732181087736737,0.7996750682009387,0.8315915840569227,0.4334717522978728,0.6528494260457377,0.42493712774761766,0.591868584738751,0.5509972043342898,0.45957205814378727,0.5025824557857689,0.4421429867263157,0.0,0.2096325085746007,0.44865256493414124,0.3490598496929654,1.4432973966022555,0.6540135606004204,0.27829809337664296,0.7222630440634604,0.5804019190334139,0.7736996743094757,0.8592679430162105,0.8215462587124372,0.9911079341755569,0.5367394034396352,0.41352333094303984
42915,0.4727475474749724,0.5237494423299689,0.574400706300901,0.3686404214048754,0.5506528898496194,0.7791696585032447,0.6500437547143428,0.45718423785186557,0.595575735678342,0.5271300018769361,0.8487849466476771,0.18966996892947904,0.6799451517553228,0.628001984057883,0.5430242001706117,0.4726448503893817,0.6282718560374664,0.5352794785246008,0.6828926992085096,0.858795078577693,0.7132127927882135,0.9398541986361798,0.43677896489812956,0.952389568602721,1.1902550505981482,0.8922449539326633,0.8243755761112423,0.48976551594569545,1.0103803468780823,0.5388414911868705,0.617756457905651,0.5820929527559825,2.0596488603128313,0.507854534736574,0.5891414286812188,0.5899801108911233,0.5886691627319298,0.5793379334554906,0.4114091872141289,0.49274258291823386,0.537694086637866,0.5363186998240126,0.535075914043328,0.3659213136253006,0.511563069046839,0.5149404105337018,1.013087413557669,0.6736444815141611,0.6568422721517162,0.6600508878607655,0.6438764091525145,0.6469211189561984,0.6463333095335245,0.6084233327979844,0.5282114691842679,0.626639692258654,0.5642142959177042,0.5224640757078968,0.6027080318257885,0.6025965495501584,0.5814419976863561,1.0453265641112293,0.6549823717654067,0.9725291370717003,0.9343649474121374,0.4750659782658089,0.6604832760336473,0.6321801504058209,0.5699565800593434,0.6737119724273081,0.7195098373805502,0.6572071011547276,0.6512640169960658,0.7559475814104313,0.40971298612829005,0.4595613061265691,1.037034018648124,0.6521371940109342,0.6676865969782917,0.40197385849812883,0.4956084380362917,0.2687588664075164,0.4361353487687445,0.3962958513479709,0.6640992695740616,0.3491664418114344,0.37244502897917925,0.2096325085746007,0.0,0.2408105850440554,0.1416515327612679,1.6030947017630544,0.8162034737263921,0.1872018823438926,0.5719144745702636,0.5468973450396228,0.5775656357372506,0.6642788406270652,0.6265518205346489,0.7971264913097506,0.6966820915118402,0.20721584835909496
46113,0.5575766109533512,0.6716613505111863,0.42866835040449647,0.13479203698934974,0.40596133920725525,0.5644007418303494,0.5011362446512088,0.5851878776210313,0.4489409545684314,0.3013087841732667,0.6366891349043086,0.06270087909843068,0.5298159621190089,0.48000378149755696,0.518825752702897,0.33142489803420994,0.48025256911618774,0.39125614039110823,0.912731352310784,0.6810888681885037,0.5617689068945215,1.161423949403769,0.2972436579207554,1.1708553455054367,1.401727931656489,1.1095560089175809,0.6113677160839331,0.7119239813580577,1.2240784117538983,0.7581979577809228,0.47017489150791164,0.48565225248277905,2.273464392147203,0.7286759369849584,0.44277268063127034,0.443618056330024,0.4423379603119737,0.4333233349730544,0.6333040798025121,0.4636630472676511,0.3934806741521565,0.39227106876010964,0.3910486867754454,0.5555204474156246,0.36863155388023966,0.2885646990789445,1.1887110014376878,0.5237943380851487,0.5081665915214421,0.5107434124446236,0.4968070068258319,0.49813933033385194,0.49757980318440775,0.5097875619991528,0.7476998295154651,0.4794650674486169,0.5393325677335288,0.5331048664866687,0.45576630511638616,0.4556780518737009,0.4354133284879755,1.196278554771002,0.5334238458232912,1.1182015349568222,1.0796058408766893,0.6099796389617541,0.7948480445098747,0.4112224972593539,0.7032804180543201,0.6881671314475665,0.5678406776006562,0.5085502577262372,0.5023278511446052,0.9862383828866357,0.6465832305900006,0.3882653257092337,1.1891298311454106,0.8639131029160044,0.7488469118351795,0.626235877893278,0.35338026506885317,0.4911944772643351,0.2966315590144904,0.2586923188374774,0.8939344698553398,0.21386858648285162,0.5124832144016933,0.44865256493414124,0.2408105850440554,0.0,0.15341016046086087,1.7486028648716314,0.9649151352646946,0.4198272690739772,0.722894325863498,0.6942664043025918,0.6741623326170542,0.7003128946526909,0.7428814050512524,0.6701059897995845,0.8408544927992093,0.15488423029062062
41937,0.4233281194206448,0.538104606014538,0.5742257200915951,0.2472152349706319,0.5518773273671461,0.6843286264383132,0.6455286731404688,0.47900768671888755,0.5941781954813444,0.41696171753363925,0.7576529170141622,0.21483919826249445,0.6738116701194347,0.6247417772776146,0.436126169442735,0.47853902184298,0.6249983725010427,0.5373888028415387,0.8105989455851308,0.8026997235080536,0.705278200018171,1.0566387341555996,0.44499332661014024,1.0647360031688828,1.2933432145313148,1.0027731292622408,0.7320064485625387,0.6063018847363135,1.1160832792435982,0.6515628591664049,0.6150324467583975,0.5798865939582545,2.172811939014255,0.6225651765718488,0.5880812261331604,0.588921604401601,0.5876680572940118,0.5787715943469239,0.5275111112895049,0.49380610828859267,0.5395770150222948,0.5384252465055865,0.5371887561980018,0.45029322834853547,0.5151469061038391,0.40401090685189406,1.059173846998736,0.6678714679929716,0.6518563883323223,0.655005231997985,0.6395784851544496,0.6425970990930108,0.6420551891357729,0.6047601384903383,0.6411039043723159,0.623333609124582,0.5609656547176636,0.5206045771839339,0.6008897488799192,0.6008071218978019,0.5808345377480234,1.0650219647992987,0.6493327451320509,0.9850432008246992,0.9461918833774231,0.4719089113329671,0.6570237355145448,0.528747020994107,0.5647422657038159,0.6633440225914782,0.7112817776067418,0.6521902343407182,0.6467411769572673,0.8845492283640782,0.5465224854713486,0.3501576457760199,1.058214912605263,0.7543601879370032,0.6559209657064138,0.509096277874218,0.5001646807748076,0.38737233392246745,0.44439204730203924,0.4070807698332543,0.7916450030161688,0.36311154964007036,0.3761395293092767,0.3490598496929654,0.1416515327612679,0.15341016046086087,0.0,1.6181733853344324,0.8323489081635796,0.3178284278951963,0.5907903522278661,0.5607943497465007,0.5420145298822572,0.5701175545699783,0.6116704922679729,0.7056623251060747,0.7064817373720108,0.08082037193587827
32708,1.226227444466508,1.0963236488873478,1.9216657587207806,1.661214418056765,1.9388807026282693,1.4410084176552675,1.8606502648502499,1.7682603488060928,1.9057909491878178,1.5087423640642055,1.553786913779206,1.787644091174723,1.8335192951894212,1.8794290634963495,1.2616784739337183,1.9585780377877529,1.8791217135096194,1.9491945964919524,1.2389856058366318,1.6218075561475263,1.8008767234656766,1.1876236765213,1.9363238971783694,1.1926699819929383,0.9466717382455648,1.2567959589850886,1.514770971231362,1.6372849034429144,1.1371357019030142,1.6026901417959214,1.887394439589983,1.8678781187894935,1.2046923637431308,1.6269073145008126,1.9100892742196134,1.9111648754880646,1.911151490408275,1.9149432936459574,1.7164789667677278,1.8787975487274031,1.9447198070233647,1.9495467123920074,1.948854088471954,1.7841948319337209,1.966258561551267,1.5206758720960052,1.0996303633093858,1.840201528143804,1.8506012320991383,1.8521879212586736,1.8609593779462186,1.8632668353104098,1.8640276559674431,1.8473061520325418,1.6127157537690067,1.8763397098939203,1.8175992271592512,1.8204695063270626,1.8999060795611789,1.9006842097629908,1.9163493709126316,0.740674919176971,1.8263232134216458,0.6675995483181187,0.7109433041778547,1.1931996156368516,1.0084711161553357,1.371609981769671,1.0949736824891756,1.6676613256433097,1.7956952952179754,1.8502558055365832,1.8607021610698904,1.142324182677013,1.30059104323844,1.417120991960742,0.8185338966206513,1.473683340688752,1.6014600144656654,1.7222278826313024,1.9733558586388606,1.764045427488524,1.9359322193373345,1.911230909159956,1.2600635709911747,1.8824393435037585,1.2985062869563748,1.4432973966022555,1.6030947017630544,1.7486028648716314,1.6181733853344324,0.0,0.798258332501874,1.6650973460587153,1.1621245940454976,1.0802840109419711,1.2137081515752737,1.3363452474023338,1.3009007865590094,1.4990074485723428,0.9604435049134467,1.6180401738850168
26107,0.4414180598455566,0.3106139680267347,1.1326391028619895,0.8779056006629735,1.1499082439195483,0.6501857748988874,1.0714259755830111,0.9767732566136776,1.1167156218966612,0.7260317079854142,0.7634453996920648,1.0038650449943884,1.0442047067936702,1.0902661184819178,0.47784179813666094,1.1742345796603417,1.089957157062159,1.1602504524079926,0.7943397749295984,0.8317323839236244,1.0114498572702666,0.9046652943626946,1.1520592813465729,0.7784471101827085,0.6588135683543823,0.6537778564984112,0.724263824401353,0.843704744309323,0.5889578929945635,0.8091216035910804,1.0982529537942445,1.0782607235547164,1.9839373203375898,0.8333634471739858,1.121021580830508,1.1221159224704875,1.1220935328137092,1.1258678893510619,0.9239783627339795,1.0887357078871323,1.1557355763179324,1.16063412313559,1.1599044443710842,0.9923901057640706,1.177378462937694,0.7378968389705453,0.34358700962440514,1.0509158664382874,1.0613104534929536,1.0629390516137929,1.071694035801417,1.0740504610766581,1.0748159420433758,1.0576310953217913,0.8192406632382809,1.0872711506364119,1.0272913462288533,1.0299278184779708,1.1108091545170113,1.1115958699026356,1.12730519286998,0.27389488506856996,1.036741086857148,0.30634104151389824,0.296125244827145,0.4036440323150814,0.4981858097006711,0.5894848368921314,0.44969114043123426,0.876537587580509,1.0062603501749756,1.060963621648366,1.0714876716727373,0.8733924364007444,0.5735160474676403,0.6330437803363154,0.282992617414528,0.6805239052593043,0.8096563089398773,0.9293030771739292,1.1870071328049188,0.9801705552976236,1.1516692746244408,1.1270407689431383,0.7749935532811039,1.0983429589974907,0.5115782061597208,0.6540135606004204,0.8162034737263921,0.9649151352646946,0.8323489081635796,0.798258332501874,0.0,0.8774456230604412,0.36751936639205135,0.2940132937556571,0.419860165723243,0.5434131171015292,0.5073436910438733,0.707801791286146,0.1714221546177917,0.8328547280715145
39504,0.603063650219426,0.5879319078771557,0.48581022146775993,0.530623905010122,0.45864112752305597,0.8932164904792266,0.5719984648014668,0.37175708522656564,0.5099719610438409,0.6691613989287396,0.8541319879732964,0.36967246668208187,0.6058717477972325,0.5469573091699662,0.6718130120531668,0.36903268436459735,0.5472426889562942,0.44104547846699116,0.5026139806080754,0.8066278860172373,0.6434981100360889,0.7865422251700342,0.3274642347091909,0.8100535444277417,1.0701332487752173,0.7544479149340405,0.8778484058876364,0.3375728137027723,0.8842054395106409,0.39598313845816674,0.5353348960021723,0.4984564804012455,1.9114192597682271,0.3601600033186459,0.5027050010970331,0.503522818560188,0.5021088021053565,0.49171893393143934,0.2736425422517626,0.4010317059251189,0.44403714924818455,0.4421047398580377,0.44085449583910524,0.27160008207088115,0.41368526968423347,0.6583081043464761,0.8994559159945056,0.5987019667351106,0.5800015823259742,0.5833230615524316,0.5653339465470072,0.5684614696533403,0.5677740491145582,0.5283573423055833,0.3849573526833613,0.5456814923068871,0.4831280777463359,0.4379790363298192,0.5181491010022793,0.5179690967444345,0.4938779621502323,1.0999087512454708,0.5797361275940549,1.0401958266114224,1.0033100721134562,0.571118160752404,0.7569131483868415,0.7619775122640065,0.6694042225105424,0.6097961234517282,0.6505162253538277,0.580418821431436,0.573297684177904,0.5732702131992922,0.410257007787566,0.6001801792223074,1.0889311568640512,0.5793278846977494,0.6071524756701824,0.2429680647454894,0.3953771843358545,0.1611951663663194,0.32671650283687054,0.2804961803651166,0.48407588287447956,0.22550401598770214,0.45635204045683503,0.27829809337664296,0.1872018823438926,0.4198272690739772,0.3178284278951963,1.6650973460587153,0.8774456230604412,0.0,0.6447395515513077,0.6123891376049301,0.6960915711654081,0.7770836790520546,0.7391499257971084,0.8161361682419739,0.769504825078581,0.37805237734490693
52940,0.22233234282478306,0.1436048285252778,0.8024629417747784,0.6410268047328478,0.8206471647494198,0.2888836067252675,0.7378988830867467,0.6453873137250534,0.7856777963830394,0.49853474417877436,0.41041828054589496,0.7598260927999292,0.7091352869701271,0.757789562390574,0.26027132858502766,0.8731251861253524,0.7574665638992686,0.8315429512486258,1.1232524751361297,0.4834252322251299,0.6744826611588977,1.1538710164228767,0.895969116230505,1.0245500940058352,0.8938002521630111,0.8984036168542802,0.3684615238171298,0.6884832656605481,0.8280685105270303,0.6163254402101642,0.7662301907352537,0.74655023987049,2.223911848379906,0.6502050964929906,0.7902351882250603,0.7913382455784925,0.7913444148739446,0.7954180270240154,0.5966223841380167,0.759251110303665,0.826876102188345,0.8319190982405309,0.8311931270911499,0.6633588283119687,0.849523246337642,0.5095765392505021,0.5737753371183774,0.7162064016353976,0.7273298429224517,0.728922773190244,0.7383285040094283,0.740673579566345,0.7414747598108014,0.7247523288320173,0.6113995564250716,0.75475180652521,0.6946747025628454,0.6983642948788937,0.779459507088039,0.7802688192803681,0.7968446638924025,0.48810303904144003,0.7021098707497231,0.6668138253982838,0.6555079646790027,0.6514318256715216,0.8415604217748548,0.3711873334775388,0.7920584687307741,0.5363904946385939,0.668952102224073,0.7269639142608457,0.7379319861115159,1.202508172896035,0.906749373510584,0.40624698119587405,0.5006495427889369,0.33466397577436996,0.4673992938317446,0.6814407110808752,0.859665146504905,0.7101276267905452,0.8963853682968916,0.8766083177818529,1.1039079427313885,0.849352082154517,0.3672677221376796,0.7222630440634604,0.5719144745702636,0.722894325863498,0.5907903522278661,1.1621245940454976,0.36751936639205135,0.6447395515513077,0.0,0.19588150729360684,0.052584576333074756,0.18334121531024042,0.14750122014049702,0.353892630075376,0.49568538193984785,0.5928514481805345
48618,0.14971975468036053,0.05471486174023183,0.9340394749377673,0.6027149294243356,0.9506062087051808,0.47462789771140745,0.8753277924657853,0.7785827151194228,0.9187710463241193,0.44248334458780925,0.581826463540332,0.7349944679828984,0.8492811757337821,0.8933799171831346,0.1849457047551665,0.9129836336566118,0.8931073369622683,0.954325556031301,0.991206670623441,0.6466333427412851,0.8179255712333409,1.165847721100044,0.8898671877309107,1.042210954376662,0.9306510629308435,0.9190006298507315,0.5446817383840531,0.7008436580855361,0.8582006682101962,0.6336301263472776,0.9010248950075557,0.8807044560296713,2.2397184818626528,0.6647675974063654,0.9228648755479104,0.9239569608520851,0.9239105803558076,0.9274531873570945,0.7249671449167545,0.8893597779469475,0.9553603297481541,0.9552419663044105,0.9540934250853836,0.7852487088007447,0.9389250347042225,0.455118253149352,0.6197142113669313,0.855705336426704,0.8655449064294306,0.8672084460361945,0.8754947367065249,0.877839456256033,0.878580452254105,0.8609361265021627,0.6284361973239921,0.8904515215375471,0.8302586657433882,0.8320490378444396,0.9130817335782913,0.9138513570565385,0.9289044777948168,0.5613541391348899,0.8414020864500795,0.47498346333261954,0.46586553518085805,0.49195043042525727,0.6824372912315255,0.2976605006276856,0.6349983912510747,0.6850561002691501,0.8129977092620032,0.865210201563485,0.875417561111192,1.069689335812252,0.7669780576397413,0.34852868798279024,0.5680224202977773,0.4929927714511248,0.619658730312741,0.7003380403746823,0.9283125510892101,0.7179770360423624,0.889458449655531,0.8637731604969372,0.9718900592042641,0.8338264709153933,0.22979909234728194,0.5804019190334139,0.5468973450396228,0.6942664043025918,0.5607943497465007,1.0802840109419711,0.2940132937556571,0.6123891376049301,0.19588150729360684,0.0,0.24811569616110687,0.36654753155975317,0.33016177931615354,0.5266486081817245,0.31201604549222234,0.5600578042235815
56371,0.17419251220595322,0.19584325877762795,0.7511107904612433,0.5923964940501959,0.769309848516566,0.23650138608505947,0.6864012364273789,0.5939796915704284,0.7343054078797546,0.45020810733518807,0.3582973585983467,0.7110131628709896,0.6576348282006769,0.7063472051281792,0.212175518739242,0.8218389309109875,0.7060533666873379,0.780203095088311,1.1744158306755794,0.4314844968475598,0.6228966656405702,1.2025876692071549,0.8447550854458991,1.0731779193376927,0.9420842501343746,0.947080630549888,0.31628111361621797,0.7374094583179094,0.8765446662538601,0.6651658989150634,0.7147734540687831,0.6951515062432418,2.2709545760788665,0.6990687016497982,0.738837627002531,0.7399341124176663,0.7399564672314196,0.7440437864080754,0.6455182477390945,0.7078676688973059,0.7755758702898767,0.78063572735911,0.7798617841870016,0.6325084030192288,0.7982065667245057,0.46126322928038693,0.6220329310268448,0.6646918968170384,0.6758458235676632,0.677421532536881,0.6868933775510532,0.6892012571541469,0.6900106484619102,0.6732990224109495,0.6602227024643249,0.7033492678846307,0.6432254102342223,0.6469520426347497,0.7280609490425828,0.7288692059062234,0.7454494340374627,0.5357841227405092,0.6505961607046125,0.7188484180947837,0.7075282151296033,0.7031025711828296,0.8931549240098324,0.32308986518223437,0.8435840173044005,0.4846800064900914,0.6173663871281272,0.6754671178137988,0.6864635133895816,1.2536222409348754,0.958056543704065,0.35791697971056086,0.5484373563927515,0.35448437232185237,0.4156633375903375,0.7303509357689069,0.8083845175488861,0.7083010271048823,0.8451706110344223,0.827596588366289,1.1550083737625265,0.800423159175417,0.4191476813437746,0.7736996743094757,0.5775656357372506,0.6741623326170542,0.5420145298822572,1.2137081515752737,0.419860165723243,0.6960915711654081,0.052584576333074756,0.24811569616110687,0.0,0.1310601144699178,0.1126058512339175,0.30176749088066923,0.5476956431800636,0.5441795450253583
45465,0.2827884374295618,0.31582709843556483,0.6634595288483731,0.6245642591940116,0.6829827167004641,0.15025861213921737,0.5939765440713005,0.5293783797341762,0.6454114389321458,0.49315094248829616,0.2373976109713702,0.7348231324600246,0.5629406432933671,0.6154120779386923,0.26672264999723544,0.7392754675839441,0.6150686074831037,0.6946884778847078,1.2137388825585567,0.31751982241377297,0.5254853012882711,1.1785410753930097,0.7636742499866886,1.0444758223485193,0.8974214156907762,0.9159277329592844,0.1912384581300938,0.7130063922529837,0.8375019326130817,0.6367123863525669,0.6245202699714711,0.605393085036265,2.244206557333849,0.672886598846548,0.6503388021654111,0.6514510876676101,0.6515011918180578,0.6560200880500265,0.6207417765489004,0.6214594466164027,0.6898055911502609,0.6950281936961271,0.6943341001714577,0.609783128382963,0.7139105117198252,0.5032275662414332,0.5696805503384385,0.5705409969310778,0.582747660250018,0.5842794769810732,0.5946537398434001,0.5969724446815705,0.5978256466924193,0.5818771546889726,0.6320110112003607,0.6122967172882644,0.5523026873099144,0.5575896065214678,0.6387364863594479,0.6395775320337731,0.6574249156543018,0.6082791095997052,0.5566180531163806,0.8348142139438387,0.8222052833687775,0.7995601661426944,0.9893611000044121,0.37654892189016215,0.9385949484414673,0.3829584895389721,0.5194478766875645,0.5823536651126251,0.5939653254886004,1.3097115809886781,1.042335721213508,0.4018876586501643,0.5264359152830042,0.30748115740084336,0.31092093561462486,0.7084771577991095,0.724802359037038,0.6894993252809044,0.7641176687182822,0.7881880793415126,1.1928254237115483,0.8149377093236566,0.5220904629160404,0.8592679430162105,0.6642788406270661,0.7003128946526909,0.5701175545699783,1.3363452474023338,0.5434131171015292,0.7770836790520546,0.18334121531024042,0.36654753155975317,0.1310601144699178,0.0,0.044832428890568404,0.17969609465342712,0.6588211142149965,0.5729130832816032
53355,0.2708229273761902,0.27949782038723686,0.7009116297017801,0.6673737472189879,0.7204836113384034,0.1949157612456778,0.631181074419323,0.5424214818518639,0.6828111513480936,0.5364198614041021,0.2732271911923274,0.7772796073187681,0.600060746905978,0.6526889456755612,0.3104822923338597,0.7769504945190358,0.6523732547708035,0.7322234062550566,1.1715943888683509,0.3536877308474371,0.5624517347311466,1.136055618727254,0.8014340028497702,1.001695468997997,0.8539755470123135,0.8730317873240486,0.22686768988381142,0.6703429121456169,0.7942158137320994,0.5938521273913265,0.6618284219271013,0.6427540861830524,2.2030358866470845,0.6300916410898562,0.6877317349618367,0.6888442815220048,0.6888965384774381,0.6934407930303533,0.5780016200767745,0.6589589051712218,0.7273593892601677,0.7326205414952042,0.731868865272107,0.5671331243530634,0.7515032005078839,0.5464939752663857,0.5257363283611965,0.6076637554800295,0.6199264560114233,0.6214501882349699,0.631904898178838,0.6341873450162269,0.6350473348596735,0.6191395258491755,0.5891196823511974,0.6496295863990986,0.5895928953742239,0.5949616206828977,0.6760984752620485,0.6769391138490141,0.6948400770237714,0.5727285292136259,0.5937516332481005,0.7985509248334371,0.7858564303405252,0.7623164710203381,0.9522255721219071,0.42025282068895237,0.9013127172761008,0.4197267849216753,0.5563972330521818,0.6195263355160775,0.6311743080720169,1.2676443707860547,1.004581583237274,0.4452045412195568,0.4910387435719583,0.2636581909564917,0.3475705111179007,0.6658649293970222,0.7624307099240542,0.6470910761322389,0.801877368699565,0.8260085895881236,1.150609156654004,0.8528490285222626,0.48508205834146556,0.8215462587124372,0.6265518205346489,0.7428814050512516,0.6116704922679729,1.3009007865590094,0.5073436910438733,0.7391499257971084,0.14750122014049702,0.33016177931615354,0.1126058512339175,0.044832428890568404,0.0,0.21547627126207267,0.622194631890589,0.615614669612306
44625,0.44058233027444943,0.4772126364906459,0.5221277103630925,0.599535610037825,0.5430653555205841,0.16275476479561465,0.44735648671375244,0.551633540799187,0.5027369851653313,0.4774478999015079,0.05899800235790862,0.702535397075782,0.41390302210204,0.4704525918493855,0.3719009606342264,0.6034063310683774,0.4701167906975617,0.5556262176503726,1.2464238685213407,0.14698864543625698,0.3733985724637986,1.2028321201897978,0.6294689229202943,1.0636676768684585,0.8990340451487854,0.9326159552504951,0.0797012959814555,0.7372513344440715,0.8454074218773674,0.6565352210762476,0.48027306170732476,0.46176976815270787,2.2638311050048276,0.695105525414145,0.5080318220288647,0.5091537735797261,0.5092544431184455,0.5142540873865562,0.6445049775265891,0.5117837100036188,0.5505462203975575,0.556008151177168,0.5552670482061955,0.6357767355913958,0.5761691082540376,0.4867541658991388,0.5628441965642177,0.4220476408105124,0.43542788722904896,0.4368847900423186,0.44833856799106747,0.45059116042940556,0.4515072583382752,0.4363948120208004,0.6520178312818548,0.4673327084011174,0.4451455837602316,0.48665682481570416,0.49555727589088544,0.4964303671007586,0.5156271128891408,0.7811609506621069,0.4083155757921201,0.992645806000298,0.9789411963741682,0.9408219123971439,1.1303370748780082,0.36977490066412244,1.0784478113800886,0.30843580925302755,0.3668240238953206,0.4349949794217917,0.447308117819625,1.3428260330947965,1.172882568737763,0.4556779037609783,0.703572184357029,0.3066130886142654,0.30088030261032145,0.7353259252537456,0.587862445286921,0.7198564330618898,0.6299397812247037,0.6556316944385437,1.2254203055761201,0.6841611906982714,0.6690410240009694,0.9911079341755569,0.7971264913097506,0.6701059897995845,0.7056623251060747,1.4990074485723428,0.707801791286146,0.8161361682419739,0.353892630075376,0.5266486081817245,0.30176749088066923,0.17969609465342712,0.21547627126207267,0.0,0.8126381930792727,0.6447919021722045
28117,0.39074535843540803,0.36491610152756426,1.1475738336818393,0.7414242168932763,1.130731605944244,0.7682263998841541,1.1398699045658656,1.0243039891091947,1.1627054787620457,0.5665390988442067,0.8669324537010351,0.8846660657879232,1.1154696738686045,1.1567903022653068,0.4677772261717109,1.0757251542023147,1.1565223998466205,1.119801734707973,0.7216032384041091,0.926835224546171,1.0861555440169544,0.9260236274037714,1.050974077486996,0.8777112384330713,0.7779214093233977,0.7561658095798238,0.8326502875242393,0.8451982665634686,0.7012288694206709,0.8759269081444633,1.1639453870342933,1.1432565890213238,2.0460840789054164,0.8809163443296114,1.1580097710341835,1.1588877182218886,1.1577867560299417,1.1505940855815497,0.9364754783740333,1.0723816700569664,1.1210081137425867,1.1207221684217976,1.119573917045123,0.95096977539456,1.1033274691825687,0.5804619874066796,0.4721973696727296,1.1215184146751356,1.130570976884958,1.1322768302874426,1.1398504025114073,1.1422198719296939,1.142920872308501,1.1247579545913056,0.8857643750172339,1.1538997957891848,1.0937731391946117,1.0875671756949612,1.1677601645076727,1.1677919816307223,1.1525864043869798,0.43015434408320313,1.1071187116823265,0.2999213670852226,0.2558729399848787,0.2637399593950582,0.39088319870230226,0.5521276897991017,0.3451208840955547,0.9566162196506575,1.081588155344655,1.130258902919762,1.1399869895472063,0.7995864772742367,0.49110944106184296,0.4713278606236324,0.4333429308755852,0.7705397964177848,0.8934266303913969,0.8654256025042568,1.0920295384695542,0.8798763893341779,1.0505367902142038,1.0230701637704551,0.7023275275772928,0.9909566250597048,0.35797164327185577,0.5367394034396352,0.6966820915118402,0.8408544927992093,0.7064817373720108,0.9604435049134467,0.1714221546177917,0.769504825078581,0.49568538193984785,0.31201604549222234,0.5476956431800636,0.6588211142149965,0.622194631890589,0.8126381930792727,0.0,0.7033983272048946
42749,0.4221314475922076,0.5380433578283739,0.5610800861595935,0.16939853244857617,0.5394309307255826,0.6216025509791129,0.6303054526124373,0.5314960592640027,0.5804263682537442,0.3454859532151179,0.6970135480789892,0.2140265233593359,0.6577333210101287,0.6101021050954848,0.3840806320110754,0.46841882017168174,0.6103250455027087,0.5254044324611588,0.8693715793688568,0.7432658766332543,0.6883412107633831,1.110077496026535,0.43595042462389905,1.1160356918539758,1.3400344982999417,1.053156114108893,0.6706281037229073,0.6596583667090374,1.1640824605496813,0.7030481706219608,0.6006987532279021,0.5657397713563211,2.2242754457067995,0.6750356913190073,0.5745335865154791,0.5753852102917185,0.5741368981176281,0.5654474123314887,0.5806717770939572,0.4813289504056677,0.527432312751819,0.5263899033413888,0.5251931902954217,0.5045626037599051,0.5038886222261154,0.332079974554771,1.0657095379685346,0.6519990783510721,0.6363605053462275,0.6395034999657557,0.6244015126384818,0.6274370848294244,0.6269079509618053,0.5899156879099429,0.6926799793665498,0.6086443088779853,0.5463260918633129,0.5066422674535,0.5869478494418573,0.5868812006463249,0.5675206671365818,1.0675261098647584,0.633520291309136,0.9834818030520193,0.9442414323024255,0.46140246094054466,0.6463350029889764,0.4611524464491774,0.5532315549677572,0.6452299142677514,0.6941856819565275,0.6366963038520141,0.6314712773345496,0.9437463800616008,0.609752730321111,0.2791418021892855,1.0615632281784204,0.7779898042566158,0.6873665831327702,0.5760461199610016,0.4893513790081711,0.44422887694771923,0.43537106485404903,0.3993435924906929,0.8504890840603649,0.3568509402889141,0.3695704048872705,0.41352333094303984,0.20721584835909496,0.15488423029062062,0.08082037193587827,1.6180401738850168,0.8328547280715145,0.37805237734490693,0.5928514481805345,0.5600578042235815,0.5441795450253583,0.5729130832816032,0.615614669612306,0.6447919021722045,0.7033983272048946,0.0
